Name,Position,Bye,Value,PTS,PTSespn,PTSmax,minRank,PTSmax_std,minRank_std,Sum_std,Team,Rank,Tier,PosRank,AvgRank,BestRank,WorstRank,RankStdDev,ADP,vsADP,PassYDS,PassTDS,REC,RecYDS,RecTDS,ATT,RushYDS,RushTDS
PatrickMahomes,QB,12,100,26.1,27.444,27.444,12,4.091075454,1.810605916,5.90168137,KC,34,4,1,35.1,13,65,9.2,12,-22,318.6,3.1,0,0,0,3.8,17,0.1
SaquonBarkley,RB,11,94.65949905,18.4,24.38,24.38,1,3.521549808,1.904828457,5.426378265,NYG,1,1,1,1.6,1,6,0.9,1,0,0,0,5.7,45.1,0.3,16.3,81.7,0.7
ToddGurley,RB,9,89.56181625,22.4,22.08,22.4,11,3.153514305,1.819171601,4.972685906,LAR,18,3,11,16.7,2,64,9.4,11,-7,0,0,4.2,41.4,0.3,18.3,89.4,1.2
DeshaunWatson,QB,10,86.14018512,20.7,22.052,22.052,39,3.088829277,1.579332407,4.668161684,HOU,49,5,2,52.6,26,83,8.7,39,-10,260.3,1.6,0,0,0,6.2,34.4,0.3
MattRyan,QB,9,86.09862106,22.1,23.092,23.092,62,3.282140854,1.38232164,4.664462494,ATL,70,6,5,73.8,25,121,14.9,62,-8,307.8,2.2,0,0,0,2.1,7.8,0.2
BenRoethlisberger,QB,7,82.41646126,21.3,23.034,23.034,99,3.271360016,1.065391275,4.336751291,PIT,107,7,14,111.8,64,168,19.4,99,-8,320.6,2.1,0,0,0,1.9,6.1,0.2
AlvinKamara,RB,9,81.65628379,18.2,17.82,18.2,2,2.372832936,1.896262771,4.269095707,NO,2,1,2,2.6,1,11,1,2,0,0,0,5.4,47.3,0.3,12.9,58.9,0.9
CamNewton,QB,7,81.35826226,20.2,21.79,21.79,83,3.04012963,1.202442244,4.242571874,CAR,83,7,7,84.6,32,149,14.4,89,6,242.5,1.7,0,0,0,7.2,34.9,0.3
AaronRodgers,QB,11,80.63350031,19.5,19.784,19.784,47,2.667261338,1.510806923,4.178068261,GB,55,5,3,59.2,32,92,9.9,47,-8,277.6,1.6,0,0,0,2.7,16.8,0.1
DrewBrees,QB,9,80.56200656,20.3,20.994,20.994,74,2.892171923,1.279533413,4.171705336,NO,92,7,9,95.6,32,164,16.2,74,-18,266.1,2.1,0,0,0,2.1,1.5,0.3
JaredGoff,QB,9,79.99707385,19.4,21,21,80,2.893287182,1.2281393,4.121426482,LAR,94,7,10,96.9,56,230,14.7,80,-14,293,2,0,0,0,2.7,6.8,0.1
ChristianMcCaffrey,RB,7,79.91810767,17.4,17.08,17.4,2.7,2.224131723,1.890266791,4.114398514,CAR,3,1,3,2.7,1,12,1.2,3,0,0,0,6.7,54.2,0.4,13.7,68.6,0.4
MelvinGordon,RB,12,79.54084931,18.8,18.06,18.8,37,2.484358846,1.596463778,4.080822624,LAC,44,5,23,44,5,146,18.5,37,-7,0,0,4.2,40.8,0.3,14.6,73.8,0.8
JamesConner,RB,7,79.29540799,17.3,17.3,17.3,7,2.205544071,1.853434343,4.058978414,PIT,8,2,7,9.4,2,57,5.5,7,-1,0,0,4.2,38.2,0.1,16.5,74.8,0.9
EzekielElliott,RB,8,78.85316252,16.8,16.95,16.95,4,2.14048729,1.8791314,4.01961869,DAL,6,2,6,7.7,1,67,8.3,4,-2,0,0,5.1,37.8,0.2,20.3,95.7,0.4
BakerMayfield,QB,7,78.41795673,17.1,19.184,19.184,57,2.555735428,1.425150067,3.980885495,CLE,68,6,4,70.3,47,120,11.4,57,-11,266.1,1.9,0,0,0,2.8,9.4,0
JameisWinston,QB,7,77.90963649,17.8,20.83,20.83,98,2.861688174,1.073956961,3.935645135,TB,98,7,11,99.8,50,147,16.3,101,3,272,1.7,0,0,0,4.5,25.5,0.1
CarsonWentz,QB,10,77.61703948,17.5,19.63,19.63,75,2.638636354,1.270967728,3.909604082,PHI,78,6,6,82.5,54,161,14.8,75,-3,279.5,1.9,0,0,0,3.1,8.5,0
RussellWilson,QB,11,77.33196668,18.7,19.77,19.77,81,2.664659067,1.219573615,3.884232682,SEA,86,7,8,87.5,42,138,16.8,81,-5,215.5,2.2,0,0,0,4.2,23.5,0
TyreekHill,WR,12,74.93322484,15.1,15.58,15.58,15,1.885836463,1.784908859,3.670745322,KC,16,2,5,15.4,7,27,4.5,15,-1,0,0,5.4,92.4,0.8,1.4,9.4,0.1
MitchTrubisky,QB,6,74.32161543,18.8,20.218,20.218,122,2.747931746,0.868380508,3.616312254,CHI,122,8,18,132.5,64,215,24.5,143,21,230.2,1.7,0,0,0,4.9,30.1,0.2
DakPrescott,QB,8,74.23179293,17.9,19.622,19.622,110,2.637149342,0.971168735,3.608318077,DAL,110,7,15,113.3,59,225,19.7,121,11,242.8,1.4,0,0,0,4.7,19.1,0.4
DavanteAdams,WR,11,73.54749229,14.6,14.64,14.64,9,1.711112537,1.836302972,3.547415509,GB,9,2,2,10.3,4,24,2.8,9,0,0,0,7.4,92.4,0.9,0,0,0
TomBrady,QB,10,73.41430687,17.5,18.908,18.908,103,2.50443351,1.031128533,3.535562043,NE,121,8,17,129.5,80,176,18.1,103,-18,272.2,1.8,0,0,0,1.4,2.2,0.1
JoeMixon,RB,9,73.18340153,14.3,14.65,14.65,13,1.712971302,1.80204023,3.515011532,CIN,13,2,9,14.3,5,35,6.1,17,4,0,0,3.1,21.1,0.1,16.9,83.4,0.6
KirkCousins,QB,12,72.9802762,17.6,19.714,19.714,125,2.654249982,0.842683452,3.496933434,MIN,125,8,19,131.6,83,193,22,134,9,268.6,1.9,0,0,0,2.8,7.7,0.1
DeAndreHopkins,WR,10,72.57493878,13.7,13.99,13.99,5,1.590292802,1.870565714,3.460858516,HOU,7,2,1,8.5,4,17,2.2,5,-2,0,0,7.2,98.3,0.7,0.1,-0.4,0
KareemHunt,RB,7,72.38607097,18.6,18.13,18.6,107,2.447183542,0.996865791,3.444049333,CLE,149,9,55,160.9,76,249,40.1,107,-42,0,0,2.4,34.4,0.6,16.5,74.9,0.6
AntonioBrown,WR,6,72.31720592,14.6,14.65,14.65,22,1.712971302,1.724949061,3.437920363,OAK,22,4,10,27.4,16,50,6.5,23,1,0,0,6.9,86.5,1,0,0,0
PhilipRivers,QB,12,72.15512669,17.8,18.812,18.812,114,2.486589364,0.936905993,3.423495357,LAC,116,8,16,122.1,71,172,17.3,114,-2,269.3,2,0,0,0,1.1,0.4,0
JoshAllen,QB,6,72.1062445,17.3,19.572,19.572,131,2.627855516,0.791289339,3.419144855,BUF,131,8,20,138.4,81,243,26.4,160,29,172.8,0.8,0,0,0,7.4,52.6,0.7
JulioJones,WR,9,71.09941717,13.3,13.56,13.56,11,1.5103659,1.819171601,3.329537501,ATL,11,2,3,12,5,29,3.3,13,2,0,0,7.1,104.8,0.5,0.1,0.8,0
RyanFitzpatrick,QB,5,70.72154232,20.7,23.932,23.932,240,3.438277128,-0.142370383,3.295906745,MIA,240,11,31,241.4,153,340,23.6,346,106,295.8,2.1,0,0,0,4.5,19,0.3
OdellBeckhamJr,WR,7,69.41590813,12.8,11.93,12.8,12,1.369099747,1.810605916,3.179705663,CLE,12,2,4,13.3,5,21,3.7,18,6,0,0,6.4,87.7,0.5,0.4,1.6,0
DavidJohnson,RB,12,69.14160644,12.3,12.27,12.3,4,1.276161489,1.8791314,3.155292889,ARI,4,1,4,7.3,1,36,4.4,6,2,0,0,3.1,27.9,0.2,16.1,58.8,0.4
MarlonMack,RB,6,69.06472713,13.4,13.83,13.83,38,1.560552559,1.587898092,3.148450651,IND,47,5,24,46,36,75,8.9,38,-9,0,0,1.4,8.6,0.1,16.3,75.7,0.8
ChrisCarson,RB,11,68.67868198,13,12.98,13,24,1.40627505,1.70781769,3.11409274,SEA,24,4,13,29,9,72,9.6,35,11,0,0,1.4,11.6,0,17.6,82.2,0.6
MichaelThomas,WR,9,68.3462474,11.9,12.38,12.38,14,1.29103161,1.793474545,3.084506155,NO,19,3,7,18,8,37,4.1,14,-5,0,0,7.8,87.8,0.6,0,0,0
MikeEvans,WR,7,68.08205967,12.4,12.53,12.53,20,1.318913088,1.742080432,3.06099352,TB,20,3,8,20.2,10,31,3.3,21,1,0,0,5.4,95.3,0.5,0,0,0
AaronJones,RB,11,67.93952327,12.1,12.6,12.6,23,1.331924444,1.716383375,3.048307819,GB,23,4,12,27.6,6,63,10.1,28,5,0,0,2.2,17.2,0.1,11.1,60.8,0.7
TravisKelce,TE,12,67.45637091,12,11.95,12,15,1.220398534,1.784908859,3.005307393,KC,15,2,1,15.4,7,37,3,20,5,0,0,6.4,83.5,0.6,0,0,0
LeonardFournette,RB,10,67.40921522,12.3,12,12.3,22,1.276161489,1.724949061,3.00111055,JAC,27,4,16,29.9,11,57,8.6,22,-5,0,0,2.8,23.1,0.1,16.6,54.9,0.6
AdamThielen,WR,12,67.26667881,12.1,12.37,12.37,25,1.289172845,1.699252004,2.988424849,MIN,28,4,11,31.2,19,64,6.3,25,-3,0,0,7.1,85.8,0.6,0.3,1.9,0
JimmyGaroppolo,QB,4,66.66169694,16,17.472,17.472,142,2.237514832,0.697066798,2.93458163,SF,142,8,21,150.8,85,206,23.6,154,12,239.3,1.7,0,0,0,2.7,11,0
JuJuSmithSchuster,WR,7,66.4766023,11.6,11.39,11.6,16.5,1.146047927,1.772060331,2.918108258,PIT,17,3,6,16.5,6,31,4.6,19,2,0,0,6.9,89.1,0.4,0.1,0.8,0
NickChubb,RB,7,66.12145313,10.9,10.76,10.9,5,1.015934366,1.870565714,2.88650008,CLE,5,1,5,7.5,1,22,4.1,10,5,0,0,1.3,9.3,0.1,12,62.3,0.5
DerrickHenry,RB,11,66.09625183,11.6,12.04,12.04,30,1.227833595,1.656423576,2.884257171,TEN,30,4,17,32.4,9,67,10.6,36,6,0,0,0.9,6.2,0,13.4,66.2,0.8
PhillipLindsay,RB,10,65.49531327,12.5,12.72,12.72,51,1.354229626,1.47654418,2.830773806,DEN,51,5,25,54.6,28,84,10,52,1,0,0,2.3,16.1,0.1,12.8,69.1,0.6
DalvinCook,RB,12,64.96286659,10.2,10.76,10.76,14,0.989911654,1.793474545,2.783386199,MIN,14,2,10,14.8,4,39,5.9,16,2,0,0,3.6,27.7,0.2,12.1,55.9,0.2
CooperKupp,WR,9,64.48464868,11.9,12.19,12.19,50,1.255715072,1.485109866,2.740824938,LAR,50,5,20,53,27,100,12.6,51,1,0,0,5,70.8,0.8,0.5,3.1,0
RobertWoods,WR,9,64.4651036,11.2,11.6,11.6,37.4,1.146047927,1.593037504,2.739085431,LAR,38,4,15,37.4,19,70,8.3,45,7,0,0,5.4,76.2,0.4,1.2,9.8,0.1
KerryonJohnson,RB,5,64.28011425,10.7,10.94,10.94,25,1.023369426,1.699252004,2.72262143,DET,25,4,14,29.2,12,53,8.4,27,2,0,0,3.2,21.3,0.1,11.8,64.1,0.3
TYHilton,WR,6,64.02238139,11.6,11.47,11.6,42,1.146047927,1.55363535,2.699683277,IND,54,5,22,58.7,46,102,12.7,42,-12,0,0,5.4,90.7,0.4,0,0,0
AndyDalton,QB,9,63.85253294,15.9,17.832,17.832,179,2.304430378,0.380136434,2.684566812,CIN,179,10,26,194.6,88,292,25.3,266,87,233.3,1.9,0,0,0,1.5,9,0
StefonDiggs,WR,12,63.635473,11,10.82,11,33,1.034522017,1.63072652,2.665248537,MIN,35,4,14,35.2,21,54,6.6,33,-2,0,0,6.8,68.1,0.6,0.7,4.1,0
KeenanAllen,WR,12,63.43287114,10.2,10.35,10.35,21,0.913702282,1.733514746,2.647217028,LAC,21,3,9,25.9,17,44,4.4,26,5,0,0,6.1,74.8,0.4,0.6,4.7,0
GeorgeKittle,TE,4,63.39389683,10.7,10.47,10.7,29,0.978759063,1.664989262,2.643748325,SF,33,4,2,33.2,17,70,7.4,29,-4,0,0,5.5,86.1,0.3,0.1,0.6,0
AJGreen,WR,9,63.12991515,11.5,11.91,11.91,58,1.203669647,1.416584382,2.620254029,CIN,73,6,30,76.5,43,127,19.7,58,-15,0,0,5.1,77.1,0.7,0,0,0
JulianEdelman,WR,10,62.8818841,11.1,10.97,11.1,43,1.053109669,1.545069665,2.598179334,NE,45,5,18,44.1,21,81,8.6,43,-2,0,0,6.2,70.8,0.5,0.8,8.9,0
JamesWhite,RB,10,62.61144755,11.8,11.55,11.8,61,1.183223231,1.390887325,2.574110556,NE,66,6,29,68.8,45,127,12.5,61,-5,0,0,5.4,46.9,0.4,5.9,26.6,0.3
ZachErtz,TE,10,62.46225019,10.3,10.27,10.3,30,0.904408456,1.656423576,2.560832032,PHI,37,4,3,36.2,19,67,9,30,-7,0,0,7.3,72.7,0.5,0,0,0
SonyMichel,RB,10,62.43415003,10.2,10.54,10.54,35.5,0.94901882,1.609312306,2.558331126,NE,36,4,19,35.5,14,70,10,46,10,0,0,0.5,3.8,0,16.1,71.6,0.5
BrandinCooks,WR,9,62.39507268,10.2,10.36,10.36,32,0.915561047,1.639292205,2.554853252,LAR,32,4,13,33,20,67,6.6,40,8,0,0,5,75.3,0.3,0.6,4.3,0.1
SamDarnold,QB,4,62.33327519,13,15.676,15.676,148,1.903680608,0.645672685,2.549353293,NYJ,148,9,22,159.6,88,246,26.9,177,29,220.4,1.3,0,0,0,3.4,10.6,0.1
AmariCooper,WR,8,61.55601094,9.4,9.82,9.82,29,0.815187728,1.664989262,2.48017699,DAL,29,4,12,31.9,18,60,7,32,3,0,0,5,66.9,0.5,0.1,1.3,0
DerekCarr,QB,6,61.46656164,13.5,15.814,15.814,160,1.929331568,0.542884459,2.472216027,OAK,160,9,25,180.2,113,265,27.5,174,14,253.1,1.2,0,0,0,1.5,2.9,0.1
MarkIngram,RB,8,61.41992942,10.1,10.4,10.4,43,0.922996108,1.545069665,2.468065773,BAL,43,5,22,43.6,14,76,10.7,44,1,0,0,1.8,14.2,0.1,11.5,53.8,0.5
TylerLockett,WR,11,61.40356667,10.3,10.06,10.3,41,0.904408456,1.562201036,2.466609492,SEA,41,5,17,43,24,82,11.8,50,9,0,0,3.6,60.3,0.6,0.8,4.3,0
ChicagoCHI,DST,6,61.26596472,12.4,0,12.4,88,1.29474914,1.159613816,2.454362956,CHI,166,9,1,160.2,95,278,25.5,88,-78,0,0,0,0,0,0,0,0
NickFoles,QB,10,61.18083165,15,17.244,17.244,194,2.195134986,0.251651151,2.446786137,JAC,194,10,27,202.3,104,330,32,205,11,282.6,1.4,0,0,0,1.8,3.4,0
TevinColeman,RB,4,60.40753833,10.1,10.33,10.33,52,0.909984751,1.467978495,2.377963246,SF,52,5,26,56.9,35,101,11,55,3,0,0,2,17.3,0.3,10.4,50,0.3
TylerBoyd,WR,9,60.16875798,10.4,10.36,10.4,56,0.922996108,1.433715753,2.356711861,CIN,56,5,23,60,31,107,12.8,56,0,0,0,5.4,73.4,0.5,0.1,0.2,0
MatthewStafford,QB,5,60.13443967,13.3,15.084,15.084,158,1.793641711,0.56001583,2.353657541,DET,158,9,24,173.4,105,268,27,176,18,236.1,1.3,0,0,0,1.6,4.4,0
WillFuller,WR,10,58.96215249,10.6,10.79,10.79,77,0.995487949,1.253836357,2.249324306,HOU,77,6,32,82.3,44,163,14.7,79,2,0,0,4.6,71.9,0.6,0,0,0
TarikCohen,RB,6,58.63337698,10.2,10.31,10.31,70,0.906267221,1.313796156,2.220063377,CHI,75,6,34,80.9,40,140,18,70,-5,0,0,4.4,45.3,0.3,6.2,27.8,0.2
KennyGolladay,WR,5,58.45463644,9.1,8.94,9.1,45.6,0.681356636,1.522798882,2.204155518,DET,46,5,19,45.6,29,105,9.1,48,2,0,0,4.7,70.9,0.3,0.1,0.5,0
AlshonJeffery,WR,10,57.76611204,9.3,9.48,9.48,61,0.751989712,1.390887325,2.142877037,PHI,61,6,26,63.7,41,95,11.7,63,2,0,0,5,64.8,0.5,0,0,0
KenyanDrake,RB,5,57.5301275,9.6,9.92,9.92,73,0.83377538,1.288099099,2.121874479,MIA,74,6,33,76.9,17,233,19.9,73,-1,0,0,3.3,29.8,0.3,7.5,33.4,0.3
OJHoward,TE,7,57.38824828,8.7,8.65,8.7,48,0.60700603,1.502241237,2.109247267,TB,48,5,4,51.5,23,89,7.5,54,6,0,0,3.4,56.5,0.5,0,0,0
JordanHoward,RB,10,57.36950185,10,10.35,10.35,84,0.913702282,1.193876558,2.10757884,PHI,88,7,37,90.4,53,179,23.6,84,-4,0,0,1.3,9.1,0,15.6,58.4,0.6
CalvinRidley,WR,9,57.32472983,8.9,8.9,8.9,53,0.644181333,1.459412809,2.103594142,ATL,57,6,24,61.2,31,96,12,53,-4,0,0,4,51.3,0.6,0.4,1.7,0
EmmanuelSanders,WR,10,57.21792082,10.6,10.07,10.6,91,0.960171411,1.13391676,2.094088171,DEN,113,8,46,118.8,53,234,28.8,91,-22,0,0,5.9,72.3,0.3,0.3,4.4,0.1
AustinEkeler,RB,12,56.90896105,9.3,9.25,9.3,66,0.718531939,1.348058898,2.066590837,LAC,71,6,31,75.6,47,185,18,66,-5,0,0,2.8,28.9,0.2,7.6,39.6,0.2
GregZuerlein,K,9,56.90032857,11.6,0,11.6,116,1.146047927,0.919774622,2.065822549,LAR,188,10,1,179.6,120,285,19.7,116,-72,0,0,0,0,0,0,0,0
JoeFlacco,QB,10,56.87298309,15.2,16.656,16.656,226,2.085839594,-0.022450786,2.063388808,DEN,226,10,29,230.8,149,331,28.8,261,35,273.9,1.3,0,0,0,2.1,5,0
MikeWilliams,WR,12,56.69817782,8.6,8.53,8.6,53,0.588418378,1.459412809,2.047831187,LAC,53,5,21,58.2,30,88,11.4,59,6,0,0,2.7,41.5,0.6,0.4,1.8,0.1
ChrisGodwin,WR,7,56.48739458,7.9,7.66,7.9,40,0.458304816,1.570766721,2.029071537,TB,40,5,16,42.2,20,81,9.6,49,9,0,0,3.7,52.6,0.4,0,0,0
JarvisLandry,WR,7,56.22427617,8.5,8.88,8.88,64,0.640463803,1.365190269,2.005654072,CLE,76,6,31,81.8,34,134,14.3,64,-12,0,0,5.1,61,0.3,0.2,3.8,0.1
LamarJackson,QB,8,56.21302052,9.9,10.764,10.764,105,0.99065516,1.013997162,2.004652322,BAL,106,7,13,108.6,55,215,21.5,105,-1,75.1,0.4,0,0,0,9.2,43.6,0.3
EricEbron,TE,6,56.14460104,9.8,10.04,10.04,90,0.856080562,1.142482445,1.998563007,IND,141,8,14,156.8,121,235,30.6,90,-51,0,0,4.1,46.9,0.8,0.2,-0.5,0.1
AdrianPeterson,RB,10,55.92411599,10.6,10.81,10.81,109,0.999205479,0.97973442,1.978939899,WAS,109,7,43,112.9,57,193,27.5,118,9,0,0,1.3,13,0.1,15.7,65.1,0.4
EliManning,QB,11,55.86024672,15,16.678,16.678,237,2.089928878,-0.116673327,1.973255551,NYG,237,11,30,242.3,158,332,25.8,334,97,268.7,1.3,0,0,0,0.9,1.3,0.1
MattBreida,RB,4,55.3382648,9.7,9.47,9.7,91,0.792882546,1.13391676,1.926799306,SF,91,7,38,95.2,55,223,33.2,106,15,0,0,1.9,18.6,0.1,10.9,58.1,0.2
MarvinJones,WR,5,54.95501548,9,9.24,9.24,85,0.707379349,1.185310873,1.892690222,DET,85,7,35,87.5,60,158,13.2,94,9,0,0,3.9,56.4,0.6,0,0,0
LosAngelesLAR,DST,9,54.15254438,10.1,0,10.1,112,0.867233153,0.954037364,1.821270517,LAR,171,9,2,168.9,105,280,20.1,112,-59,0,0,0,0,0,0,0,0
JoshGordon,WR,10,54.11402117,8.1,7.94,8.1,69,0.49548012,1.322361841,1.817841961,NE,69,6,29,70.5,41,130,19.5,69,0,0,0,3.4,61.4,0.3,0,0,0
AllenRobinson,WR,6,53.88967099,7.6,7.67,7.67,62,0.415553218,1.38232164,1.797874858,CHI,62,6,27,64.5,30,121,14.7,78,16,0,0,4.2,58,0.3,0.1,0.7,0
RobbyAnderson,WR,4,53.78072334,7.6,7.71,7.71,64,0.422988278,1.365190269,1.788178547,NYJ,64,6,28,68,33,121,14.5,71,7,0,0,3.6,53.7,0.4,0.1,-0.6,0
JaredCook,TE,9,53.61643862,7.8,8,8,72,0.476892468,1.296664784,1.773557252,NO,84,7,7,87.3,16,153,17.3,72,-12,0,0,4.3,56,0.4,0,0,0
EvanEngram,TE,11,53.5182621,7.4,7.38,7.4,60,0.365366558,1.399453011,1.764819569,NYG,60,6,5,63.5,37,131,14.1,60,0,0,0,4.1,52.5,0.3,0.3,3.3,0
MarcusMariota,QB,11,53.03479234,12.5,13.574,13.574,199,1.512968171,0.208822723,1.721790894,TEN,199,10,28,210.2,94,295,31.2,246,47,180.6,0.8,0,0,0,4.6,25.5,0.1
CurtisSamuel,WR,7,52.85466835,7.5,8.05,8.05,81,0.486186294,1.219573615,1.705759909,CAR,81,7,34,84.2,52,163,15.6,97,16,0,0,3,38,0.4,0.6,6.5,0.2
JustinTucker,K,8,52.78876623,10,0,10,124,0.848645501,0.851249137,1.699894638,BAL,189,10,2,184.2,136,289,21,124,-65,0,0,0,0,0,0,0,0
DeSeanJackson,WR,10,52.36913232,9.2,9.09,9.2,111,0.699944288,0.962603049,1.662547337,PHI,111,8,44,115.6,71,176,15.6,125,14,0,0,3.4,64.5,0.3,0.5,2.4,0.1
DJMoore,WR,7,52.06082973,6.4,6.61,6.61,58,0.21852411,1.416584382,1.635108492,CAR,58,6,25,63.1,33,133,14,65,7,0,0,3.4,49.3,0.1,0.8,10.8,0
LataviusMurray,RB,9,51.99278897,6.9,6.89,6.9,65,0.2724283,1.356624583,1.629052883,NO,65,6,28,68.1,22,143,14.4,82,17,0,0,1.4,8.8,0,8.8,36.1,0.4
DamienWilliams,RB,12,51.97062852,4.7,5,5,24,-0.080737081,1.70781769,1.627080609,KC,26,4,15,29.3,9,68,11.2,24,-2,0,0,1.4,10,0.1,3.1,16,0.3
SammyWatkins,WR,12,51.82311869,7.5,7.51,7.51,80,0.385812975,1.2281393,1.613952275,KC,80,6,33,83.4,42,151,13.4,87,7,0,0,4,51.9,0.3,0.5,5.2,0
PeytonBarber,RB,7,51.41380481,8.1,8.42,8.42,104,0.554960605,1.022562848,1.577523453,TB,104,7,42,108.1,55,205,25.5,109,5,0,0,1.3,5.8,0.1,14.6,54.4,0.3
CoreyDavis,WR,11,51.37462441,7.4,7.71,7.71,89,0.422988278,1.151048131,1.574036409,TEN,89,7,37,90.9,44,137,15,92,3,0,0,4.1,55.7,0.3,0.4,3.4,0
CaseKeenum,QB,10,51.35449126,13.4,15.304,15.304,254,1.834534544,-0.262289981,1.572244563,WAS,254,11,34,256.3,143,345,28.8,338,84,243.1,1.1,0,0,0,1.6,5.8,0.1
GeronimoAllison,WR,11,51.19590951,8.5,8.46,8.5,108,0.569830726,0.988300106,1.558130832,GB,108,7,43,112.5,71,164,17,123,15,0,0,4,60.6,0.4,0,0,0
SterlingShepard,WR,11,50.46752192,7.3,7.46,7.46,93,0.376519149,1.116785389,1.493304538,NYG,95,7,40,97.5,63,145,13.8,93,-2,0,0,4.1,54.5,0.3,0.2,2.1,0
DevontaFreeman,RB,9,50.3570928,4.5,4.55,4.55,31,-0.164381514,1.647857891,1.483476377,ATL,31,4,18,32.6,6,60,8.7,31,0,0,0,2.5,11.5,0,7,34,0
ChristianKirk,WR,12,50.29764557,6.7,7.01,7.01,85,0.292874717,1.185310873,1.47818559,ARI,87,7,36,89.3,54,137,11.8,85,-2,0,0,3.6,49.2,0.3,0.3,2.9,0
DedeWestbrook,WR,10,50.23951268,6.7,6.89,6.89,83,0.270569535,1.202442244,1.473011779,JAC,90,7,38,94.7,41,151,17.3,83,-7,0,0,4.1,44.8,0.3,0.6,6.1,0
KaimiFairbairn,K,10,50.19211196,10.6,0,10.6,164,0.960171411,0.508621716,1.468793127,HOU,209,10,7,195.5,156,302,25.4,164,-45,0,0,0,0,0,0,0,0
HarrisonButker,K,12,49.9630334,9.2,0,9.2,136,0.699944288,0.748460911,1.448405199,KC,190,10,3,185.3,109,292,18.5,136,-54,0,0,0,0,0,0,0,0
RoyceFreeman,RB,10,49.7927449,6.2,6.63,6.63,82,0.222241641,1.211007929,1.43324957,DEN,82,7,36,84.4,40,156,18.5,108,26,0,0,1,5.1,0,9.3,37.2,0.4
AlbertWilson,WR,5,49.6290784,10.1,9.42,10.1,159,0.867233153,0.551450144,1.418683297,MIA,159,9,62,173.7,110,285,35.4,234,75,0,0,3.7,55.9,0.6,1.1,2.3,0
LarryFitzgerald,WR,12,49.45965316,7.3,6.99,7.3,100,0.346778907,1.05682559,1.403604497,ARI,105,7,42,108.1,72,154,14.9,100,-5,0,0,4.3,45.9,0.4,0,0,0
DukeJohnson,RB,10,49.22864203,5.3,5.14,5.3,59,-0.024974126,1.408018696,1.38304457,HOU,59,6,27,63.4,39,109,14.1,77,18,0,0,2.9,26.8,0.2,2.5,12.6,0
WilLutz,K,9,48.74458746,9.4,0,9.4,153,0.737119591,0.602844257,1.339963848,NO,197,10,5,191.4,157,294,20.9,153,-44,0,0,0,0,0,0,0,0
BaltimoreBAL,DST,8,48.66084112,8.3,0,8.3,130,0.532655423,0.799855024,1.332510447,BAL,176,9,4,173.9,110,290,26.8,130,-46,0,0,0,0,0,0,0,0
NewEnglandNE,DST,10,48.3288187,9.8,0,9.8,166,0.811470198,0.491490345,1.302960543,NE,201,10,10,193.9,152,300,23.7,166,-35,0,0,0,0,0,0,0,0
DantePettis,WR,4,48.25370484,6.4,6.27,6.4,93,0.179490042,1.116785389,1.296275431,SF,93,7,39,96.3,49,154,19.2,104,11,0,0,2.3,38.9,0.4,0.1,-0.2,0
LeSeanMcCoy,RB,6,48.11030519,6.7,6.57,6.7,101,0.235252997,1.048259904,1.283512901,BUF,101,7,41,103.1,47,207,27.3,102,1,0,0,2.4,17,0,11.5,36.7,0.2
MinnesotaMIN,DST,12,48.00156361,7.8,0,7.8,126,0.439717165,0.834117766,1.273834931,MIN,180,10,6,173.8,138,282,21.5,126,-54,0,0,0,0,0,0,0,0
VanceMcDonald,TE,7,47.82050399,5.5,5.87,5.87,86,0.080975488,1.176745187,1.257720675,PIT,96,7,8,98.4,60,164,20,86,-10,0,0,3.3,40.7,0.3,0,0,0
StephenGostkowski,K,10,47.36251399,8.6,0,8.6,150,0.588418378,0.628541314,1.216959692,NE,196,10,4,189.8,151,291,22.6,150,-46,0,0,0,0,0,0,0,0
RyanTannehill,QB,11,47.36039544,12.9,14.516,14.516,278.4,1.688063849,-0.471292707,1.216771142,TEN,289,12,36,278.4,212,430,31.9,376,87,179.9,1.5,0,0,0,2.9,13.2,0
HoustonHOU,DST,10,47.33172105,9,0,9,159,0.662768985,0.551450144,1.214219129,HOU,186,10,7,179.5,142,293,22.8,159,-27,0,0,0,0,0,0,0,0
CourtlandSutton,WR,10,46.94892281,5.9,6.19,6.19,102,0.140455973,1.039694219,1.180150192,DEN,102,7,41,106,61,153,15.6,111,9,0,0,2.6,44,0.3,0.1,-0.1,0
BlakeBortles,QB,9,46.86943265,13.3,15.774,15.774,310.8,1.921896507,-0.748820918,1.173075589,LAR,377,13,39,310.8,267,458,57.5,372,-5,209.1,1,0,0,0,4.5,28.1,0.1
DionLewis,RB,11,46.76202654,6.4,6.93,6.93,120,0.278004596,0.885511879,1.163516475,TEN,120,8,44,128.6,69,264,26.2,129,9,0,0,3.7,25,0.1,9.7,32.3,0.1
DavidNjoku,TE,7,46.59473993,5.5,5.79,5.79,97,0.066105367,1.082522646,1.148628013,CLE,97,7,9,98.8,56,158,21.8,98,1,0,0,3.5,39.9,0.3,0,0,0
LosAngelesLAC,DST,12,46.14020292,7.6,0,7.6,141,0.402541862,0.705632483,1.108174345,LAC,178,10,5,175.6,133,367,30.1,141,-37,0,0,0,0,0,0,0,0
NickMullens,QB,4,46.02991981,15.4,17.584,17.584,358.8,2.258333002,-1.159973823,1.098359179,SF,431,14,42,358.8,254,487,84.2,,,284.6,1.6,0,0,0,2.3,-2,0
GoldenTate,WR,11,45.86503798,7.3,7.33,7.33,138,0.352355202,0.73132954,1.083684742,NYG,138,8,55,144.9,85,238,28.4,145,7,0,0,4.9,53,0.3,0.3,2.3,0
JohnBrown,WR,6,45.75136196,6.4,6.3,6.4,119,0.179490042,0.894077565,1.073567607,BUF,119,8,50,127.2,58,195,20,146,27,0,0,2.6,44.7,0.3,0.2,0.3,0
JacksonvilleJAC,DST,10,45.6079623,6.7,0,6.7,127,0.235252997,0.825552081,1.060805078,JAC,172,9,3,170.2,127,279,25.2,127,-45,0,0,0,0,0,0,0,0
RashaadPenny,RB,11,45.42410687,4.4,4.13,4.4,79,-0.192262991,1.236704986,1.044441995,SEA,79,6,35,83.2,45,200,20.3,96,17,0,0,0.6,5.4,0,6.1,29.9,0.1
AnthonyMiller,WR,6,45.28005004,5.8,5.99,5.99,115,0.10328067,0.928340307,1.031620977,CHI,115,8,48,120.2,75,229,23.8,140,25,0,0,2.2,28.2,0.5,0.4,1.7,0
AustinHooper,TE,9,44.96225172,5.8,5.93,5.93,117,0.092128079,0.911208936,1.003337015,ATL,117,8,10,125.2,60,211,22.1,128,11,0,0,4.4,41.3,0.3,0,0,0
RobbieGould,K,4,44.87653386,8.7,0,8.7,178,0.60700603,0.388702119,0.995708149,SF,218,10,10,210.5,163,306,30.4,178,-40,0,0,0,0,0,0,0,0
MasonCrosby,K,11,44.653253,9.1,0,9.1,189,0.681356636,0.294479578,0.975836214,GB,206,10,6,200.4,159,307,24,189,-17,0,0,0,0,0,0,0,0
MohamedSanu,WR,9,44.40049356,7.3,7.32,7.32,153,0.350496437,0.602844257,0.953340694,ATL,153,9,61,171.9,108,264,33,168,15,0,0,4.1,52.4,0.3,0.4,2.8,0
DenverDEN,DST,10,44.21532378,7.6,0,7.6,161,0.402541862,0.534318773,0.936860635,DEN,202,10,11,186.7,139,284,22.6,161,-41,0,0,0,0,0,0,0,0
GiorgioTavecchio,K,9,44.17396579,9.7,0,9.7,207,0.792882546,0.140297239,0.933179785,ATL,287,12,17,236.7,186,405,45.4,207,-80,0,0,0,0,0,0,0,0
TyrellWilliams,WR,6,44.14600762,6,5.97,6,127,0.105139435,0.825552081,0.930691516,OAK,127,8,51,135.6,72,244,29.5,137,10,0,0,2.6,40.8,0.3,0.1,0.9,0
KennyStills,WR,5,43.93908952,6.5,6.09,6.5,140,0.198077693,0.714198169,0.912275862,MIA,140,8,56,146.1,66,242,27.7,190,50,0,0,2.5,36.9,0.4,0,0,0
NewOrleansNO,DST,9,43.83034796,7.6,0,7.6,165,0.402541862,0.500056031,0.902597893,NO,193,10,9,184.3,143,295,23.2,165,-28,0,0,0,0,0,0,0,0
TreyBurton,TE,6,43.79462055,5.8,5.97,5.97,130,0.09956314,0.799855024,0.899418164,CHI,130,8,12,141.7,79,235,29.5,148,18,0,0,3.4,35.6,0.4,0.1,0.1,0
DonteMoncrief,WR,7,43.71732909,5.2,5.38,5.38,118,-0.010104005,0.90264325,0.892539245,PIT,118,8,49,125.6,50,223,26.5,131,13,0,0,3,41.8,0.2,0,0,0
DelanieWalker,TE,11,43.63012976,5.2,5.2,5.2,115,-0.043561778,0.928340307,0.884778529,TEN,124,8,11,134.4,77,302,31.2,115,-9,0,0,4,52,0,0,0,0
KekeCoutee,WR,10,43.53639814,5.8,5.98,5.98,132.9,0.101421905,0.775014536,0.876436441,HOU,133,8,53,132.9,85,188,19.2,156,23,0,0,4.7,47.8,0.2,0.5,0,0
JamisonCrowder,WR,4,43.47229992,6,5.84,6,134,0.105139435,0.765592282,0.870731717,NYJ,134,8,54,140.3,95,231,25.9,169,35,0,0,3.2,43.1,0.2,0.4,3.3,0
MikeDavis,RB,6,43.12025568,6.9,7.26,7.26,165,0.339343846,0.500056031,0.839399877,CHI,165,9,58,167.4,71,280,31.7,235,70,0,0,2.3,14.3,0.1,7.5,34.3,0.3
LeVeonBell,RB,4,43.06799841,0,0,0,8,-1.010119663,1.844868658,0.834748995,NYJ,10,2,8,12,2,40,6.1,8,-2,0,0,0,0,0,0,0,0
GusEdwards,RB,8,42.79861786,8,7.91,8,184.4,0.476892468,0.333881732,0.8107742,BAL,204,10,66,184.4,106,288,35.3,232,28,0,0,0.2,1.8,0,12.5,65.3,0.2
BrettMaher,K,8,42.74280405,8.6,0,8.6,198,0.588418378,0.217388409,0.805806787,DAL,215,10,9,207,161,308,28.2,198,-17,0,0,0,0,0,0,0,0
MarquezValdesScantling,WR,11,42.66575762,4.6,4.41,4.6,112,-0.155087688,0.954037364,0.798949676,GB,112,8,45,115.9,67,218,20.3,113,1,0,0,2.4,36.3,0.1,0.1,1.8,0
MarquiseGoodwin,WR,4,42.36732395,5.9,6.07,6.07,147,0.118150791,0.65423837,0.772389161,SF,147,9,58,155.5,93,261,36.3,181,34,0,0,2.1,35.9,0.4,0.4,0.8,0
GregOlsen,TE,7,42.30100969,5.9,5.63,5.9,144,0.086551784,0.679935427,0.766487211,CAR,151,9,15,165.5,76,325,40.4,144,-7,0,0,3,32.3,0.4,0,0,0
JasonMyers,K,11,42.29624234,9.4,0,9.4,220,0.737119591,0.028943327,0.766062918,SEA,246,11,14,239.8,157,321,30.1,220,-26,0,0,0,0,0,0,0,0
AdamHumphries,WR,11,42.28851207,7,6.97,7,168,0.291015952,0.474358974,0.765374926,TEN,168,9,65,184.5,97,268,32.5,212,44,0,0,4.8,51,0.3,0.1,0.7,0
CJAnderson,RB,5,42.15481421,5.7,5.83,5.83,144,0.073540427,0.679935427,0.753475854,DET,144,9,53,153.5,94,271,34.5,179,35,0,0,0.5,3.7,0.1,6.1,36.6,0.2
JoshRosen,QB,5,42.1198053,8.1,10.698,10.698,250,0.978387309,-0.228027238,0.750360071,MIA,250,11,33,251.3,161,339,26.9,320,70,162.7,0.8,0,0,0,1.6,9.9,0
KansasCityKC,DST,12,42.08352654,8.1,0,8.1,194,0.49548012,0.251651151,0.747131271,KC,247,11,19,242.3,170,311,35.6,194,-53,0,0,0,0,0,0,0,0
JakeElliott,K,10,41.80922486,7.6,0,7.6,186,0.402541862,0.320176635,0.722718497,PHI,210,10,8,201.4,160,301,23.5,186,-24,0,0,0,0,0,0,0,0
MichaelBadgley,K,12,41.76206915,7.9,0,7.9,193,0.458304816,0.260216836,0.718521652,LAC,219,10,11,211.7,164,310,29.5,193,-26,0,0,0,0,0,0,0,0
BuffaloBUF,DST,6,41.27698424,6.7,0,6.7,172,0.235252997,0.440096232,0.675349229,BUF,208,10,12,193.7,151,290,25,172,-36,0,0,0,0,0,0,0,0
MichaelGallup,WR,8,41.22016569,4,3.77,4,114,-0.266613598,0.936905993,0.670292395,DAL,114,8,47,119.9,72,231,21.3,138,24,0,0,2.1,31.7,0.1,0,0,0
MattPrater,K,5,41.21733093,8.1,0,8.1,203,0.49548012,0.174559981,0.670040101,DET,221,10,12,212.2,162,316,29.8,203,-18,0,0,0,0,0,0,0,0
NyheimHines,RB,6,40.9863198,6.1,5.82,6.1,162,0.123727087,0.525753088,0.649480175,IND,162,9,57,193.4,161,250,24.9,185,23,0,0,3.9,26.6,0.1,5.3,19.6,0.1
MattBarkley,QB,6,40.78434846,17.1,17.08,17.1,402.8,2.168368768,-1.536863986,0.631504782,BUF,500,15,48,402.8,283,493,83.1,,,232,2,0,0,0,3,-2,0
KyleRudolph,TE,12,40.75744731,5.5,5.76,5.76,157,0.060529071,0.568581515,0.629110586,MIN,157,9,17,178.4,109,274,36.9,175,18,0,0,4,39.6,0.3,0,0,0
JoshJacobs,RB,6,40.56565553,0,0,0,34,-1.010119663,1.622160834,0.612041171,OAK,39,4,20,39.9,16,139,8.4,34,-5,0,0,0,0,0,0,0,0
PittsburghPIT,DST,7,40.53975809,6.9,0,6.9,184,0.2724283,0.337308006,0.609736306,PIT,224,10,15,226.1,168,299,26.9,184,-40,0,0,0,0,0,0,0,0
ItoSmith,RB,9,40.52125669,5,5.14,5.14,146,-0.054714369,0.662804056,0.608089687,ATL,146,9,54,151.2,84,265,40,167,21,0,0,1.9,10.9,0,6.4,22.5,0.3
ElijahMcGuire,RB,4,40.46586785,8.4,8.86,8.86,227.3,0.636746272,-0.033586177,0.603160095,NYJ,261,11,75,227.3,114,384,39.5,273,12,0,0,2.4,24.1,0.1,11.5,34.5,0.4
JaylenSamuels,RB,7,40.43578386,4.5,4.45,4.5,133,-0.173675339,0.774157968,0.600482629,PIT,136,8,50,141.6,71,284,36.7,133,-3,0,0,1.9,14.2,0.2,4,18.3,0
CarlosHyde,RB,12,40.40443678,6.3,6.72,6.72,181.5,0.238970527,0.35872222,0.597692747,KC,198,10,65,181.5,63,439,56.2,183,-15,0,0,0.7,2.4,0,12.3,40.8,0.4
MarkAndrews,TE,8,40.36408403,4.6,4.65,4.65,137,-0.145793862,0.739895226,0.594101364,BAL,137,8,13,142.8,89,274,37.9,142,5,0,0,2.1,34.5,0.2,0,0,0
JordanReed,TE,10,40.19355051,5.1,5.49,5.49,157,0.010342412,0.568581515,0.578923927,WAS,161,9,18,183.8,80,297,43.4,157,-4,0,0,4.2,42.9,0.2,0,0,0
ClevelandCLE,DST,7,40.12012418,6.1,0,6.1,171,0.123727087,0.448661918,0.572389005,CLE,187,10,8,179.4,133,286,21.5,171,-16,0,0,0,0,0,0,0,0
DallasDAL,DST,8,39.92763627,6.1,0,6.1,173,0.123727087,0.431530547,0.555257634,DAL,211,10,13,196.6,128,297,22.5,173,-38,0,0,0,0,0,0,0,0
DavidMontgomery,RB,6,39.89194783,0,0,0,41,-1.010119663,1.562201036,0.552081373,CHI,42,5,21,43.5,7,201,13.1,41,-1,0,0,0,0,0,0,0,0
KalenBallage,RB,5,39.86522609,2.4,2.66,2.66,99,-0.51568813,1.065391275,0.549703145,MIA,99,7,39,101.7,55,193,22.4,120,21,0,0,0.8,4.7,0,3,15.9,0.1
PhiladelphiaPHI,DST,10,39.76980643,6.9,0,6.9,192,0.2724283,0.268782522,0.541210822,PHI,212,10,14,208.4,118,296,25.1,192,-20,0,0,0,0,0,0,0,0
AdamVinatieri,K,6,39.6447021,7.9,0,7.9,215,0.458304816,0.071771755,0.530076571,IND,239,11,13,230.5,171,320,30.8,215,-24,0,0,0,0,0,0,0,0
DevinFunchess,WR,6,39.51897956,5.6,5.72,5.72,169,0.053094011,0.465793289,0.5188873,IND,169,9,66,191.1,163,289,30.3,180,11,0,0,3.1,39.2,0.3,0,0,0
JustinJackson,RB,12,39.49681909,3.5,3.82,3.82,128,-0.300071371,0.816986395,0.516915024,LAC,128,8,47,136,67,309,41.6,149,21,0,0,1.2,10.4,0,3.8,15.8,0.2
TreQuanSmith,WR,9,39.42618859,4.8,4.65,4.8,150,-0.117912385,0.628541314,0.510628929,NO,150,9,59,162,86,267,25.9,187,37,0,0,1.9,28.5,0.3,0,0,0
ZayJones,WR,6,39.27222389,6.8,6.48,6.8,195,0.253840648,0.243085465,0.496926113,BUF,195,10,71,199,112,297,41.2,206,11,0,0,3.5,40.8,0.4,0.1,0,0
TJYeldon,RB,6,39.24029704,8.4,8.84,8.84,239.6,0.633028742,-0.138944109,0.494084633,BUF,257,11,73,239.6,179,416,41.1,253,-4,0,0,3.9,34.8,0.3,7.4,29.6,0.1
KennethDixon,RB,8,38.89496552,8.1,8.2,8.2,229.3,0.514067771,-0.050717548,0.463350223,BAL,258,11,74,229.3,98,403,46.9,329,71,0,0,1,8.5,0,10,55.5,0.3
JimmyGraham,TE,11,38.8323621,4.7,4.58,4.7,154,-0.136500036,0.594278572,0.457778536,GB,154,9,16,183.4,60,297,46.5,162,8,0,0,3.4,39.8,0.1,0,0,0
JamaalWilliams,RB,11,38.74190303,5.5,5.41,5.5,172.3,0.012201177,0.437526527,0.449727704,GB,177,9,61,172.3,101,276,35.9,197,20,0,0,1.7,13.1,0,7.6,29,0.2
TedGinn,WR,9,38.51286291,7.1,7.1,7.1,209.4,0.309603603,0.119739594,0.429343197,NO,213,10,74,209.4,129,294,38.7,248,35,0,0,3.4,41.8,0.4,0.6,5.2,0
IndianapolisIND,DST,6,38.48784206,7.3,0,7.3,214,0.346778907,0.08033744,0.427116347,IND,244,11,18,240,168,311,37.5,214,-30,0,0,0,0,0,0,0,0
NelsonAgholor,WR,10,38.46954673,6.3,6.6,6.6,199,0.216665345,0.208822723,0.425488068,PHI,227,10,78,227.8,121,292,31.7,199,-28,0,0,4,46,0.3,0.2,2,0
SeattleSEA,DST,11,38.45031076,7.6,0,7.6,220.9,0.402541862,0.02123421,0.423776072,SEA,233,11,16,220.9,124,312,23.6,237,4,0,0,0,0,0,0,0,0
ChrisThompson,RB,10,38.41659332,5.1,5.06,5.1,167,-0.06214943,0.48292466,0.42077523,WAS,167,9,59,172,115,310,38.9,191,24,0,0,4.1,26.8,0.1,4.3,17.8,0
FrankGore,RB,6,38.38148415,6.5,6.65,6.65,201,0.225959171,0.191691352,0.417650523,BUF,220,10,68,201,106,294,38.9,278,58,0,0,0.9,8.9,0.1,11.1,51.6,0
GiovaniBernard,RB,9,38.3276675,5.1,5.38,5.38,174,-0.010104005,0.422964861,0.412860856,CIN,174,9,60,180.8,115,296,37,225,51,0,0,2.9,18.2,0,4.7,17.6,0.3
JalenRichard,RB,6,37.91103548,5.5,6.01,6.01,192,0.1069982,0.268782522,0.375780722,OAK,192,10,64,201.6,107,339,47.9,202,10,0,0,4.3,37.9,0,3.4,16.2,0.1
ChrisHerndonIV,TE,4,37.79370039,4.6,4.94,4.94,170,-0.091889672,0.457227603,0.365337931,NYJ,170,9,19,188.8,107,291,47.2,209,39,0,0,2.4,31.4,0.3,0,0,0
HunterHenry,TE,12,37.77458078,0,0,0,63,-1.010119663,1.373755954,0.363636291,LAC,63,6,6,65.1,26,142,15.3,67,4,0,0,0,0,0,0,0,0
TennesseeTEN,DST,11,37.68516488,7.1,0,7.1,218,0.309603603,0.046074698,0.355678301,TEN,236,11,17,229,171,314,28,218,-18,0,0,0,0,0,0,0,0
AldrickRosas,K,11,37.50136071,8.8,0,8.8,256.8,0.625593681,-0.2862739,0.339319781,NYG,269,11,16,256.8,159,319,26.1,274,5,0,0,0,0,0,0,0,0
RobertFoster,WR,6,37.43298521,5.5,5.36,5.5,185.9,0.012201177,0.321033204,0.333234381,BUF,200,10,72,185.9,77,300,49.4,251,51,0,0,2.1,41.6,0.2,0,0,0
MilesSanders,RB,10,37.38960495,0,0,0,67,-1.010119663,1.339493212,0.329373549,PHI,67,6,30,68.8,42,227,23.2,68,1,0,0,0,0,0,0,0,0
DanBailey,K,12,37.10770114,7.1,0,7.1,224,0.309603603,-0.005319415,0.304284188,MIN,307,12,18,254.7,184,328,31.6,224,-83,0,0,0,0,0,0,0,0
JamesWashington,WR,7,37.06769646,2,2.15,2.15,117,-0.610485153,0.911208936,0.300723783,PIT,132,8,52,142.1,91,266,31.8,117,-15,0,0,1.1,15.5,0.1,0,0,0
DerriusGuice,RB,10,36.90838516,0,0,0,72,-1.010119663,1.296664784,0.286545121,WAS,72,6,32,76.5,27,128,17.3,76,4,0,0,0,0,0,0,0,0
WashingtonWAS,DST,10,36.40320051,7.5,0,7.5,240,0.38395421,-0.142370383,0.241583827,WAS,322,12,23,266.8,167,331,46.3,240,-82,0,0,0,0,0,0,0,0
JackDoyle,TE,6,36.38835817,5.8,5.88,5.88,205,0.082834253,0.15742861,0.240262863,IND,205,10,23,232,192,294,30.1,230,25,0,0,4.3,40.8,0.3,0,0,0
RashardHiggins,WR,7,36.33485064,6.1,6.2,6.2,212.5,0.142314739,0.093185969,0.235500708,CLE,241,11,84,212.5,99,382,49.2,245,4,0,0,3,44,0.3,0,0,0
QuincyEnunwa,WR,4,36.19200512,4.4,4.68,4.68,181,-0.140217567,0.363005063,0.222787496,NYJ,181,10,68,191.7,114,266,32.5,267,86,0,0,3.5,40.8,0.1,0.1,0,0
DougMartin,RB,6,36.03121184,6.4,7.05,7.05,234.1,0.300309777,-0.091832839,0.208476938,OAK,273,12,79,234.1,160,404,38.9,301,28,0,0,1.1,7.3,0,10.8,45.2,0.3
TylerEifert,TE,9,35.3085061,6,6.28,6.28,224.9,0.15718486,-0.013028532,0.144156328,CIN,234,11,25,224.9,127,315,42.5,263,29,0,0,3.8,44.8,0.3,0,0,0
RonaldJonesII,RB,7,35.13270337,1.5,1.46,1.5,123,-0.731304889,0.859814823,0.128509934,TB,123,8,45,126.3,70,347,37.4,139,16,0,0,0.8,3.7,0,2.6,4.9,0.1
WillDissly,TE,11,34.95760858,6.9,6.9,6.9,242,0.2724283,-0.159501754,0.112926546,SEA,312,12,31,242,173,304,32.3,309,-3,0,0,2,39,0.5,0,0,0
DarrellHenderson,RB,9,34.69477415,0,0,0,95,-1.010119663,1.099654017,0.089534354,LAR,100,7,40,102.9,39,240,25.7,95,-5,0,0,0,0,0,0,0,0
GreenBayGB,DST,11,34.68137433,5.8,0,5.8,221,0.067964132,0.020377642,0.088341774,GB,290,12,21,252.2,169,329,38.7,221,-69,0,0,0,0,0,0,0,0
DaeSeanHamilton,WR,10,34.63898597,2.6,2.34,2.6,152,-0.526840721,0.611409943,0.084569222,DEN,152,9,60,164.9,107,274,29.3,196,44,0,0,2.1,17.4,0.1,0,0,0
ChrisBoswell,K,7,34.55433744,6.2,0,6.2,231,0.142314739,-0.065279214,0.077035525,PIT,308,12,19,255.2,160,313,33.7,231,-77,0,0,0,0,0,0,0,0
DarrenSproles,RB,10,34.42442731,7.7,7.67,7.7,264.9,0.421129513,-0.355655953,0.06547356,PHI,334,13,102,264.9,208,421,42.6,,,0,0,2.5,26.7,0.3,4.8,20,0.2
DallasGoedert,TE,10,34.34959693,3.6,3.89,3.89,183,-0.287060014,0.345873692,0.058813678,PHI,183,10,21,204.2,102,296,41.9,216,33,0,0,2.1,20.9,0.3,0,0,0
TyrodTaylor,QB,12,34.12375422,10.4,11.662,11.662,354,1.157572271,-1.118858533,0.038713738,LAC,446,14,44,354,276,466,89.9,,,118.3,0.5,0,0,0,4,31.3,0.3
TaylorGabriel,WR,6,34.11834077,5.3,5.28,5.3,216,-0.024974126,0.063206069,0.038231943,CHI,217,10,76,216,138,296,32.1,314,97,0,0,4.2,43,0.1,0.6,3.8,0
DevanteParker,WR,5,34.11706538,3.4,3.41,3.41,175,-0.376280742,0.414399176,0.038118434,MIA,175,9,67,184.5,102,277,35.5,227,52,0,0,2.2,28.1,0.1,0,0,0
RyanSuccop,K,11,33.99324926,7.3,0,7.3,260.7,0.346778907,-0.319680074,0.027098833,TEN,317,12,20,260.7,182,332,29.9,268,-49,0,0,0,0,0,0,0,0
RandallCobb,WR,8,33.98090645,5.4,5.46,5.46,220.9,0.004766116,0.02123421,0.026000326,DAL,228,10,79,220.9,134,294,29.5,242,14,0,0,4.2,42.6,0.2,0,0,0
KylerMurray,QB,12,33.9248225,0,0,0,103,-1.010119663,1.031128533,0.02100887,ARI,103,7,12,107.4,56,224,23.7,110,7,0,0,0,0,0,0,0,0
PaulRichardson,WR,10,33.89015109,5.6,5.67,5.67,226.4,0.043800185,-0.02587706,0.017923125,WAS,238,11,83,226.4,139,300,33.9,292,54,0,0,2.9,37.4,0.3,0.3,1.3,0
GrahamGano,K,7,33.80556713,6.8,0,6.8,251.8,0.253840648,-0.243445472,0.010395176,CAR,262,11,15,251.8,180,317,29.7,300,38,0,0,0,0,0,0,0,0
ColtMcCoy,QB,10,33.70379562,9.1,11.06,11.06,345.3,1.045674608,-1.044337069,0.001337539,WAS,479,15,46,345.3,270,482,96.8,,,124,1,0,0,0,3.3,21,0
DemaryiusThomas,WR,10,33.4484982,6.5,6.31,6.5,249,0.198077693,-0.219461553,-0.02138386,NE,286,12,101,254.5,152,364,40.1,249,-37,0,0,3.9,45.1,0.3,0,0,0
DavidMoore,WR,11,33.4427005,4.7,4.61,4.7,210,-0.136500036,0.114600182,-0.021899854,SEA,231,11,82,210,123,271,31,302,71,0,0,1.6,27.8,0.3,0.1,0.3,0
RexBurkhead,RB,10,33.32518497,4.5,4.57,4.57,208.4,-0.160663983,0.128305279,-0.032358704,NE,222,10,69,208.4,79,313,33.3,299,77,0,0,1.8,16.4,0.1,7.1,23.3,0
BilalPowell,RB,4,33.29153162,7,7.07,7.07,263,0.304027308,-0.33938115,-0.035353842,NYJ,298,12,91,263,162,321,29,343,45,0,0,1.6,15.7,0.1,11.4,49,0
ColeBeasley,WR,6,33.2877567,5.3,5.4,5.4,226.8,-0.006386475,-0.029303334,-0.035689809,BUF,245,11,87,226.8,132,299,46,264,19,0,0,4.1,42,0.2,0,0,0
MalcolmBrown,RB,9,33.12892213,2.9,2.8,2.9,174.2,-0.471077766,0.421251724,-0.049826042,LAR,182,10,62,174.2,101,367,45.4,201,19,0,0,0.4,4.3,0.1,3.6,17.7,0
AntonioCallaway,WR,7,33.08949672,5.6,5.5,5.6,233.2,0.030788829,-0.084123722,-0.053334893,CLE,255,11,90,233.2,129,300,36.9,238,-17,0,0,2.7,36.6,0.3,0.1,0.4,0
BrandonMcManus,K,10,33.00288997,6.6,0,6.6,255.8,0.216665345,-0.277708214,-0.061042869,DEN,330,13,21,255.8,161,334,38.1,288,-42,0,0,0,0,0,0,0,0
JoshLambo,K,10,32.98075514,6.7,0,6.7,258.2,0.235252997,-0.29826586,-0.063012863,JAC,341,13,22,258.2,163,311,38.8,293,-48,0,0,0,0,0,0,0,0
TyMontgomery,RB,4,32.83365798,3.6,3.86,3.86,198.1,-0.29263631,0.21653184,-0.07610447,NYJ,232,11,70,198.1,106,400,52.6,213,-19,0,0,1.9,18.1,0,3.2,14.5,0.1
TreyQuinn,WR,10,32.7458917,4.5,4.3,4.5,212.9,-0.173675339,0.089759694,-0.083915645,WAS,214,10,75,212.9,128,294,42.1,257,43,0,0,3,25,0.3,0.3,0,0
DanielCarlson,K,6,32.70743256,7.5,0,7.5,278.4,0.38395421,-0.471292707,-0.087338497,OAK,354,13,25,278.4,165,341,36.7,286,-68,0,0,0,0,0,0,0,0
JohnRoss,WR,9,32.68622556,4.9,4.69,4.9,222.2,-0.099324733,0.010098819,-0.089225914,CIN,243,11,86,222.2,144,300,38.3,315,72,0,0,1.6,16.2,0.5,0.3,0.7,0
DarwinThompson,RB,12,32.38491918,0,0,0,119,-1.010119663,0.894077565,-0.116042098,KC,135,8,49,131.7,45,294,49.2,119,-16,0,0,0,0,0,0,0,0
MichaelCrabtree,WR,12,32.18123468,4.9,4.99,4.99,229.4,-0.082595846,-0.051574117,-0.134169963,ARI,320,12,111,229.4,144,294,36.5,363,43,0,0,3.4,37.9,0.2,0,0,0
TonyPollard,RB,8,32.09618731,0,0,0,122,-1.010119663,0.868380508,-0.141739155,DAL,143,9,52,140.8,64,386,50.6,122,-21,0,0,0,0,0,0,0,0
JusticeHill,RB,8,31.71121149,0,0,0,126,-1.010119663,0.834117766,-0.176001897,BAL,126,8,46,138.8,58,257,38.8,158,32,0,0,0,0,0,0,0,0
ChaseEdmonds,RB,12,31.67178606,2.7,2.54,2.7,185,-0.508253069,0.328742321,-0.179510748,ARI,185,10,63,192.2,98,349,46.9,228,43,0,0,1.3,6.4,0,3.8,13,0.1
StevenHauschka,K,6,31.53035743,6.6,0,6.6,271.1,0.216665345,-0.408763203,-0.192097858,BUF,348,13,24,271.1,164,335,34.7,295,-53,0,0,0,0,0,0,0,0
DevinSingletary,RB,6,31.42247961,0,0,0,129,-1.010119663,0.80842071,-0.201698953,BUF,129,8,48,133.7,43,290,35.9,132,3,0,0,0,0,0,0,0,0
CairoSantos,K,7,31.42064957,7.4,0,7.4,289.6,0.365366558,-0.567228385,-0.201861827,TB,366,13,26,289.6,246,338,22.6,,,0,0,0,0,0,0,0,0
ArizonaARI,DST,12,31.01929817,6.3,0,6.3,269.9,0.16090239,-0.39848438,-0.23758199,ARI,337,13,26,269.9,171,357,38.7,277,-60,0,0,0,0,0,0,0,0
NewYorkNYJ,DST,4,31.0077412,5.7,0,5.7,257,0.04937648,-0.287987037,-0.238610557,NYJ,328,13,24,257,178,368,47.5,282,-46,0,0,0,0,0,0,0,0
DustinHopkins,K,10,30.93365771,7.6,0,7.6,299,0.402541862,-0.647745829,-0.245203967,WAS,391,14,28,299,250,342,24.5,311,-80,0,0,0,0,0,0,0,0
CoreyClement,RB,10,30.92015536,5.4,5.3,5.4,251.4,-0.006386475,-0.240019198,-0.246405673,PHI,266,11,76,251.4,197,412,39.7,322,56,0,0,2,17.5,0,6.2,23.5,0.2
TJHockenson,TE,5,30.84501587,0,0,0,135,-1.010119663,0.757026597,-0.253093066,DET,173,9,20,193.9,79,278,48.5,135,-38,0,0,0,0,0,0,0,0
DarrenWaller,TE,6,30.77738725,2.4,2.41,2.41,188,-0.562157259,0.303045264,-0.259111995,OAK,225,10,24,193.7,113,306,44.7,188,-37,0,0,1.5,18.8,0,0.3,5.3,0
CarolinaCAR,DST,7,30.77290339,5.5,0,5.5,255.1,0.012201177,-0.271712235,-0.259511058,CAR,263,11,20,255.1,174,318,31.2,272,9,0,0,0,0,0,0,0,0
GregJoseph,K,7,30.65549089,5.9,0,5.9,265,0.086551784,-0.356512521,-0.269960737,CLE,343,13,23,277.1,177,422,48.9,265,-78,0,0,0,0,0,0,0,0
DamienHarris,RB,10,30.46004004,0,0,0,139,-1.010119663,0.722763855,-0.287355808,NE,139,8,51,145.9,79,379,45.6,155,16,0,0,0,0,0,0,0,0
WillieSnead,WR,8,30.22670932,4.5,4.75,4.75,244.5,-0.12720621,-0.180915968,-0.308122178,BAL,251,11,88,244.5,154,300,35.4,259,8,0,0,3.9,40.7,0.1,0.1,0.8,0
AtlantaATL,DST,9,29.96540761,4.8,0,4.8,248.3,-0.117912385,-0.213465573,-0.331377958,ATL,302,12,22,248.3,176,324,35.5,260,-42,0,0,0,0,0,0,0,0
DKMetcalf,WR,11,29.8825763,0,0,0,145,-1.010119663,0.671369741,-0.338749922,SEA,145,9,57,157.2,77,276,31.7,147,2,0,0,0,0,0,0,0,0
DetroitDET,DST,5,29.84126957,6.1,0,6.1,277.8,0.123727087,-0.466153296,-0.342426209,DET,333,13,25,277.8,170,333,30,290,-43,0,0,0,0,0,0,0,0
AlfredBlue,RB,10,29.80179288,4.8,4.68,4.8,250,-0.117912385,-0.228027238,-0.345939623,JAC,272,11,78,250,151,354,38.1,303,31,0,0,1.3,9.6,0,9.4,31.2,0.1
JoshDoctson,WR,10,29.50824241,4.3,4.15,4.3,242.2,-0.210850643,-0.161214891,-0.372065534,WAS,259,11,91,242.2,149,300,27.8,297,38,0,0,2.9,35.5,0.1,0,0,0
AlexanderMattison,RB,12,29.30511256,0,0,0,151,-1.010119663,0.619975628,-0.390144035,MIN,155,9,56,158.1,94,311,37.8,151,-4,0,0,0,0,0,0,0,0
BreshadPerriman,WR,7,29.29112015,4.6,4.62,4.62,251.4,-0.151370157,-0.240019198,-0.391389355,TB,293,12,103,251.4,133,316,37.7,344,51,0,0,1.6,34,0.2,0.4,0.2,0
CameronBrate,TE,7,29.24328165,3.9,4.21,4.21,243,-0.227579529,-0.16806744,-0.395646969,TB,291,12,29,255.2,158,304,31.6,243,-48,0,0,1.9,18.1,0.4,0,0,0
NKealHarry,WR,10,29.2088686,0,0,0,152,-1.010119663,0.611409943,-0.39870972,NE,164,9,64,175.7,63,269,46.2,152,-12,0,0,0,0,0,0,0,0
DannyAmendola,WR,5,29.17235485,4.6,4.42,4.6,252.2,-0.155087688,-0.246871747,-0.401959435,DET,265,11,94,252.2,161,348,36.4,275,10,0,0,3.9,38.3,0.1,0.1,-0.1,0
JeffWilson,RB,4,29.07439721,5.4,6.06,6.06,284.9,0.116292026,-0.526969663,-0.410677637,SF,342,13,105,284.9,237,427,39.3,379,37,0,0,2,16.3,0,11,44.3,0
JoshAdams,RB,10,29.04290865,4.7,4.75,4.75,256.8,-0.12720621,-0.2862739,-0.41348011,PHI,280,12,82,256.8,111,408,40.6,324,44,0,0,0.4,3.6,0,7.5,31.9,0.2
JoshReynolds,WR,9,28.90864384,4.4,4.36,4.4,250.6,-0.192262991,-0.23316665,-0.425429641,LAR,264,11,93,250.6,158,317,25,294,30,0,0,1.8,25.1,0.3,0.1,0.5,0
WendellSmallwood,RB,10,28.76814305,5.6,5.52,5.6,278.1,0.030788829,-0.468723002,-0.437934173,PHI,305,12,94,278.1,225,412,33.7,349,44,0,0,1.8,14.4,0.1,5.4,22.8,0.2
AlfredMorris,RB,8,28.54928147,5,5.38,5.38,275.6,-0.010104005,-0.447308788,-0.457412793,DAL,324,12,101,275.6,153,456,61.3,279,-45,0,0,0.7,6.1,0,9.3,35.7,0.2
JacobyBrissett,QB,6,28.4897317,-0.2,-0.16,-0.16,156,-1.039859906,0.577147201,-0.462712705,IND,156,9,23,185.2,107,247,27.5,256,100,0.5,0,0,0,0,1.8,-1.8,0
CordarrellePatterson,WR,6,28.45332098,4.6,4.97,4.97,267.7,-0.086313377,-0.379639872,-0.465953249,CHI,331,13,116,267.7,194,339,27.8,342,11,0,0,1.4,16.5,0.2,2.8,15.2,0.1
RandyBullock,K,9,28.33505805,6.6,0,6.6,304.3,0.216665345,-0.693143962,-0.476478617,CIN,435,14,35,304.3,264,343,29.4,365,-70,0,0,0,0,0,0,0,0
SpencerWare,RB,6,28.18653069,4.5,4.81,4.81,267,-0.116053619,-0.373643892,-0.489697511,IND,315,12,97,267,204,417,39.8,336,21,0,0,1.5,17.2,0,3.9,18.9,0.2
DeeboSamuel,WR,4,28.15018508,0,0,0,163,-1.010119663,0.517187402,-0.492932261,SF,163,9,63,178.2,94,267,38.6,170,7,0,0,0,0,0,0,0,0
MecoleHardman,WR,12,28.15018508,0,0,0,163,-1.010119663,0.517187402,-0.492932261,KC,191,10,70,190.6,110,313,41.6,163,-28,0,0,0,0,0,0,0,0
JaronBrown,WR,11,28.11461197,2.9,2.84,2.9,226.3,-0.471077766,-0.025020492,-0.496098258,SEA,301,12,105,226.3,148,361,53.8,348,47,0,0,0.9,10.4,0.3,0,0,0
MiamiMIA,DST,5,28.05883661,6.5,0,6.5,305,0.198077693,-0.699139942,-0.501062249,MIA,369,13,30,317,166,432,47.4,305,-64,0,0,0,0,0,0,0,0
ChrisConley,WR,10,27.95899819,3.7,3.89,3.89,249.4,-0.287060014,-0.222887827,-0.509947841,JAC,271,11,96,249.4,163,294,33.9,326,55,0,0,2,20.9,0.3,0,0,0
GeraldEverett,TE,9,27.66708398,3.4,3.3,3.4,241.8,-0.378139508,-0.157788617,-0.535928125,LAR,256,11,27,241.8,145,297,37.7,312,56,0,0,2.1,20,0.2,0.1,1,0
ChrisHogan,WR,7,27.65949519,4.5,4.53,4.53,266.4,-0.168099044,-0.368504481,-0.536603525,CAR,295,12,104,266.4,185,331,28.3,340,45,0,0,2.2,33.3,0.2,0,0,0
NewYorkNYG,DST,11,27.50638093,5.3,0,5.3,284.7,-0.024974126,-0.525256526,-0.550230652,NYG,345,13,27,284.7,168,425,56.5,307,-38,0,0,0,0,0,0,0,0
TheoRiddick,RB,10,27.00493324,4,3.96,4,261.7,-0.266613598,-0.328245759,-0.594859357,DEN,276,12,81,261.7,198,453,43.9,310,34,0,0,4.4,27.4,0,2.9,12.2,0
JakeKumerow,WR,11,26.66903287,3.3,3.26,3.3,250,-0.396727159,-0.228027238,-0.624754397,GB,326,12,114,270.3,179,393,48.2,250,-76,0,0,1.6,20.6,0.2,0,0,0
KeelanCole,WR,10,26.53708714,3.2,3.67,3.67,259.4,-0.327952848,-0.308544682,-0.63649753,JAC,274,12,97,259.4,104,385,34.7,366,92,0,0,2.4,30.7,0.1,0,0,0
TravisBenjamin,WR,12,26.52687015,2.4,2.49,2.49,233.9,-0.547287138,-0.090119702,-0.63740684,LAC,309,12,108,233.9,141,303,37.7,318,9,0,0,1,15.5,0.1,0.6,3.4,0
MarquiseBrown,WR,8,26.32154989,0,0,0,182,-1.010119663,0.354439377,-0.655680286,BAL,184,10,69,198.1,72,292,42.4,182,-2,0,0,0,0,0,0,0,0
TaywanTaylor,WR,11,26.29330773,3.9,4.18,4.18,273,-0.233155825,-0.425038005,-0.65819383,TEN,306,12,107,273,216,334,27.4,317,11,0,0,2.8,35.8,0.1,0,0,0
SanFranciscoSF,DST,4,26.18781308,3.3,0,3.3,255,-0.396727159,-0.270855666,-0.667582825,SF,361,13,28,278,198,339,43.7,255,-106,0,0,0,0,0,0,0,0
PhillipDorsett,WR,10,26.14094086,3.1,3.19,3.19,253.1,-0.417173576,-0.254580864,-0.67175444,NE,270,11,95,253.1,145,344,32.1,364,94,0,0,2,18.1,0.2,0.3,1.8,0
DemarcusRobinson,WR,12,26.1214086,3.3,3.6,3.6,262.2,-0.340964204,-0.332528602,-0.673492806,KC,329,13,115,262.2,193,313,26.1,289,-40,0,0,1.4,18,0.3,0,0,0
KeithKirkwood,WR,9,26.07108338,4.1,4.41,4.41,280.3,-0.190404226,-0.48756751,-0.677971736,NO,336,13,117,280.3,202,327,29.6,,,0,0,1.6,26.1,0.3,0,0,0
JordanWilkins,RB,6,25.75288574,2.8,3.23,3.23,258,-0.409738515,-0.296552723,-0.706291238,IND,275,12,80,258,166,406,41.5,367,92,0,0,1,5.3,0,3.8,21,0.1
GeoffSwaim,TE,10,25.27060945,3.4,3.29,3.4,266.7,-0.378139508,-0.371074187,-0.749213695,JAC,355,13,38,266.7,210,297,27.5,354,-1,0,0,2.9,26.9,0.1,0,0,0
CincinnatiCIN,DST,9,25.24753397,5.2,0,5.2,306,-0.043561778,-0.707705628,-0.751267406,CIN,448,14,32,357.4,266,468,71.6,306,-142,0,0,0,0,0,0,0,0
ZaneGonzalez,K,12,25.24658051,5.9,0,5.9,321.2,0.086551784,-0.837904048,-0.751352264,ARI,423,14,32,321.2,263,447,64.6,,,0,0,0,0,0,0,0,0
ChrisMoore,WR,8,25.17607917,1.7,1.94,1.94,236,-0.649519222,-0.108107641,-0.757626863,BAL,375,13,122,287.4,218,375,58.2,236,-139,0,0,1.2,12.3,0.1,0.3,1.1,0
NoahFant,TE,10,25.07037845,0,0,0,195,-1.010119663,0.243085465,-0.767034198,DEN,203,10,22,220,87,326,43.7,195,-8,0,0,0,0,0,0,0,0
IanThomas,TE,7,25.0184426,2.8,2.68,2.8,256.3,-0.489665417,-0.281991057,-0.771656474,CAR,303,12,30,256.3,172,297,34.1,313,10,0,0,2.3,20.8,0.1,0,0,0
DJChark,WR,10,24.87656337,1.4,1.58,1.58,231.3,-0.716434767,-0.067848919,-0.784283686,JAC,242,11,85,231.3,105,296,33.7,291,49,0,0,1.3,15.8,0,0,0,0
RickySealsJones,TE,12,24.85992995,2.7,2.89,2.89,259.9,-0.472936531,-0.312827525,-0.785764056,ARI,332,13,33,259.9,163,314,34.6,332,0,0,0,2.3,22.9,0.1,0,0,0
CodyLatimer,WR,11,24.84224002,4.2,4.37,4.37,292.2,-0.197839287,-0.589499167,-0.787338454,NYG,370,13,120,292.2,145,383,57.2,,,0,0,1.8,31.7,0.2,0,0,0
JasonSanders,K,5,24.6248471,6.1,0,6.1,332,0.123727087,-0.930413451,-0.806686364,MIA,452,14,37,332,296,360,26.6,383,-69,0,0,0,0,0,0,0,0
DevontaeBooker,RB,10,24.597095,3.1,3.46,3.46,275,-0.366986917,-0.442169376,-0.809156293,DEN,294,12,88,275,208,425,42.2,328,34,0,0,2.4,17.2,0,2.1,11.4,0.1
JerickMcKinnon,RB,4,24.58915867,0,0,0,200,-1.010119663,0.200257038,-0.809862625,SF,216,10,67,202.6,71,380,59.1,200,-16,0,0,0,0,0,0,0,0
BrianHill,RB,9,24.49505335,1.5,1.66,1.66,237,-0.701564646,-0.116673327,-0.818237973,ATL,282,12,84,237,139,366,48.4,337,55,0,0,0.1,0.9,0,2,15.7,0
JonnuSmith,TE,11,24.481409,3.4,3.18,3.4,274.9,-0.378139508,-0.441312808,-0.819452316,TEN,360,13,39,274.9,205,335,35.6,406,46,0,0,1.5,19.8,0.2,0,0,0
EquanimeousStBrown,WR,11,24.46022765,2.8,2.77,2.8,262.1,-0.489665417,-0.331672033,-0.82133745,GB,288,12,102,262.1,161,347,33.2,321,33,0,0,1.8,27.3,0,0.1,0.4,0
BenjaminWatson,TE,10,24.43617306,3.3,3.1,3.3,273.2,-0.396727159,-0.426751143,-0.823478302,NE,353,13,37,273.2,230,377,37.2,368,15,0,0,2.2,25,0.1,0,0,0
JordanThomas,TE,10,24.36187067,2.7,3.14,3.14,270.5,-0.426467402,-0.403623792,-0.830091194,HOU,338,13,34,270.5,193,395,40.2,371,33,0,0,1.3,13.4,0.3,0,0,0
DarrelWilliams,RB,12,24.32799844,3.3,3.58,3.58,280.4,-0.344681735,-0.488424078,-0.833105813,KC,352,13,108,280.4,144,430,58.9,345,-7,0,0,0.8,6.8,0.3,3.3,11,0
MattLaCosse,TE,10,24.32538307,2.1,2.27,2.27,252,-0.588179971,-0.245158609,-0.83333858,NE,340,13,35,266.2,150,379,41.8,252,-88,0,0,1.6,16.7,0.1,0,0,0
MarqiseLee,WR,10,24.20418284,0,0,0,204,-1.010119663,0.165994296,-0.844125367,JAC,229,10,80,219.4,125,294,35,204,-25,0,0,0,0,0,0,0,0
BlakeJarwin,TE,8,23.95437351,3,3.12,3.12,274.3,-0.430184932,-0.436173397,-0.866358329,DAL,363,13,40,274.3,225,343,33.1,341,-22,0,0,1.7,19.2,0.2,0,0,0
ParrisCampbell,WR,6,23.91545097,0,0,0,207,-1.010119663,0.140297239,-0.869822424,IND,207,10,73,220.8,191,295,24.7,210,3,0,0,0,0,0,0,0,0
CJUzomah,TE,9,23.88643578,3.9,3.94,3.94,292.8,-0.277766189,-0.594638579,-0.872404768,CIN,364,13,41,292.8,222,383,49.3,353,-11,0,0,2.7,27.4,0.2,0,0,0
JJArcegaWhiteside,WR,10,23.81920701,0,0,0,208,-1.010119663,0.131731554,-0.878388109,PHI,252,11,89,231.4,130,297,41.1,208,-44,0,0,0,0,0,0,0,0
MilesBoykin,WR,8,23.63634349,0,0,0,209.9,-1.010119663,0.115456751,-0.894662912,BAL,260,11,92,209.9,113,300,52.3,217,-43,0,0,0,0,0,0,0,0
JasonWitten,TE,8,23.53047514,0,0,0,211,-1.010119663,0.106034497,-0.904085166,DAL,279,12,28,243.1,145,331,36.3,211,-68,0,0,0,0,0,0,0,0
KendrickBourne,WR,4,23.5139832,4.5,4.84,4.84,316.2,-0.110477324,-0.79507562,-0.905552944,SF,421,14,137,316.2,256,392,44.3,333,-88,0,0,2.6,30.4,0.3,0,0,0
DontrelleInman,WR,12,23.45162429,5.4,5.18,5.4,329,-0.006386475,-0.904716395,-0.91110287,LAC,394,14,129,329,255,433,57.9,402,8,0,0,3.1,33.8,0.3,0,0,0
DareOgunbowale,RB,7,23.28986525,0,0,0,213.5,-1.010119663,0.084620283,-0.92549938,TB,292,12,87,213.5,108,414,59.3,233,-59,0,0,0,0,0,0,0,0
RyquellArmstead,RB,10,23.24174327,0,0,0,214,-1.010119663,0.08033744,-0.929782223,JAC,235,11,71,214,136,353,39.5,271,36,0,0,0,0,0,0,0,0
WayneGallman,RB,11,23.19480645,2,2.36,2.36,265.7,-0.571451085,-0.362508501,-0.933959586,NYG,285,12,86,265.7,177,407,36.4,362,77,0,0,0.9,5.9,0,3.4,11.7,0.1
MikeGesicki,TE,5,23.18805528,1.1,1.26,1.26,241.9,-0.775915253,-0.158645186,-0.934560439,MIA,248,11,26,241.9,160,297,36.1,262,14,0,0,1.4,12.6,0,0,0,0
DamareaCrockett,RB,10,23.1743725,0,0,0,214.7,-1.010119663,0.074341461,-0.935778202,HOU,281,12,83,214.7,146,344,49.5,285,4,0,0,0,0,0,0,0,0
TrentTaylor,WR,4,23.10106203,2.1,2.14,2.14,261.9,-0.612343918,-0.329958896,-0.942302814,SF,347,13,118,261.9,203,362,45.5,,,0,0,1.9,15.4,0.1,0,0,0
DontrellHilliard,RB,7,23.09883316,0.8,0.95,0.95,236.1,-0.833536973,-0.10896421,-0.942501183,CLE,283,12,85,236.1,146,377,50.2,287,4,0,0,0.8,9.5,0,0,0,0
AJBrown,WR,11,22.87601623,0,0,0,217.8,-1.010119663,0.047787835,-0.962331828,TEN,223,10,77,217.8,101,299,33.2,223,0,0,0,0,0,0,0,0,0
IrvSmithJr,TE,12,22.76052348,0,0,0,219,-1.010119663,0.037509013,-0.97261065,MIN,349,13,36,274.4,162,374,42.6,219,-130,0,0,0,0,0,0,0,0
VernonDavis,TE,10,22.68549933,3.6,3.22,3.6,297.9,-0.340964204,-0.638323575,-0.979287779,WAS,365,13,42,297.9,217,429,58,399,34,0,0,1.8,26.2,0.1,0,0,0
HaydenHurst,TE,8,22.62888687,1.9,1.96,1.96,262.9,-0.645801691,-0.338524582,-0.984326273,BAL,318,12,32,262.9,217,324,25.8,319,1,0,0,1.1,13.6,0.1,0.1,0,0
RaheemMostert,RB,4,22.60908394,3.6,3.78,3.78,302.6,-0.307506431,-0.678582297,-0.986088728,SF,414,14,126,302.6,213,469,90.2,,,0,0,0.7,2.8,0,3.8,29,0.1
KeeSeanJohnson,WR,12,22.59690876,0,0,0,220.7,-1.010119663,0.022947347,-0.987172316,ARI,277,12,98,220.7,128,293,38.1,304,27,0,0,0,0,0,0,0,0
JesseJames,TE,5,22.52765667,3.4,3.24,3.4,295.2,-0.378139508,-0.615196224,-0.993335732,DET,367,13,43,295.2,212,360,40.7,352,-15,0,0,1.9,26.4,0.1,0,0,0
JohnKelly,RB,9,22.49116906,2.5,2.53,2.53,276.7,-0.539852077,-0.456731042,-0.996583119,LAR,299,12,92,276.7,211,413,35.4,,,0,0,0.5,6.8,0,6.8,18.5,0
AndyIsabella,WR,12,22.47179161,0,0,0,222,-1.010119663,0.011811956,-0.998307707,ARI,230,11,81,223.3,121,301,36.2,222,-8,0,0,0,0,0,0,0,0
TampaBayTB,DST,7,22.40543838,4.3,0,4.3,316,-0.210850643,-0.793362483,-1.004213126,TB,368,13,29,316,261,383,33.5,397,29,0,0,0,0,0,0,0,0
TerryMcLaurin,WR,10,22.39479645,0,0,0,222.8,-1.010119663,0.004959408,-1.005160255,WAS,278,12,99,222.8,102,293,37.5,387,109,0,0,0,0,0,0,0,0
TrentSherfield,WR,12,22.19983463,2.1,2.22,2.22,273,-0.597473797,-0.425038005,-1.022511802,ARI,480,15,160,273,267,279,6,,,0,0,1.5,16.2,0.1,0,0,0
JakobiMeyers,WR,10,22.08681578,0,0,0,226,-1.010119663,-0.022450786,-1.032570449,NE,325,12,113,233.1,105,328,41.8,226,-99,0,0,0,0,0,0,0,0
TimPatrick,WR,10,22.05374221,2.3,2.68,2.68,284.5,-0.511970599,-0.523543389,-1.035513988,DEN,383,13,123,284.5,189,348,48.4,361,-22,0,0,1.4,19.7,0.1,0.2,1.1,0
AustinSeibert,K,7,21.79808391,0,0,0,229,-1.010119663,-0.048147842,-1.058267505,CLE,427,14,33,326.4,255,457,72.2,229,-198,0,0,0,0,0,0,0,0
PrestonWilliams,WR,5,21.605596,0,0,0,231,-1.010119663,-0.065279214,-1.075398877,MIA,311,12,110,231,99,292,36.5,254,-57,0,0,0,0,0,0,0,0
KaranHigdon,RB,10,21.57672281,0,0,0,231.3,-1.010119663,-0.067848919,-1.077968582,HOU,357,13,110,231.3,133,308,47.8,388,31,0,0,0,0,0,0,0,0
JakeemGrant,WR,5,21.57494454,3.9,3.93,3.93,316.6,-0.279624954,-0.798501894,-1.078126848,MIA,385,13,124,316.6,213,398,49,398,13,0,0,2.1,26.8,0.2,0.1,0.5,0
JariusWright,WR,7,21.29487078,3.4,3.63,3.63,313,-0.335387909,-0.767665426,-1.103053335,CAR,420,14,136,313,205,371,64.9,356,-64,0,0,2.7,27.9,0.1,0.1,2.4,0
CameronArtisPayne,RB,7,21.05895082,1.6,1.54,1.6,271.4,-0.712717237,-0.411332909,-1.124050146,CAR,300,12,93,271.4,109,411,37.1,358,58,0,0,0.3,1.7,0,2.1,7.7,0.1
JalenHurd,WR,4,21.04738105,0,0,0,236.8,-1.010119663,-0.11496019,-1.125079853,SF,284,12,100,236.8,115,338,43.1,258,-26,0,0,0,0,0,0,0,0
BennySnellJr,RB,7,21.02813226,0,0,0,237,-1.010119663,-0.116673327,-1.12679299,PIT,253,11,72,237,100,436,42.1,316,63,0,0,0,0,0,0,0,0
DiontaeJohnson,WR,7,20.83564434,0,0,0,239,-1.010119663,-0.133804698,-1.143924361,PIT,310,12,109,252.7,164,343,34.6,239,-71,0,0,0,0,0,0,0,0
MikeWeber,RB,8,20.64315643,0,0,0,241,-1.010119663,-0.150936069,-1.161055732,DAL,297,12,90,262.4,177,321,23.6,241,-56,0,0,0,0,0,0,0,0
NickVannett,TE,11,20.5854485,3,2.99,3,306.7,-0.452490114,-0.713701608,-1.166191722,SEA,382,13,48,306.7,225,352,34,374,-8,0,0,1.9,17.9,0.2,0,0,0
DexterWilliams,RB,11,20.57578566,0,0,0,241.7,-1.010119663,-0.156932049,-1.167051712,GB,268,11,77,241.7,139,437,48.3,284,16,0,0,0,0,0,0,0,0
TavonAustin,WR,8,20.47026486,4.5,4.59,4.59,342.4,-0.156946453,-1.019496581,-1.176443034,DAL,436,14,141,342.4,257,390,48.8,,,0,0,1.1,20,0.3,0.9,7.9,0
ChadBeebe,WR,12,20.38427684,1.3,1.3,1.3,271.9,-0.768480192,-0.415615751,-1.184095943,MIN,372,13,121,271.9,178,340,31.6,,,0,0,1.3,13,0,0,0,0
TrayveonWilliams,RB,9,20.35442456,0,0,0,244,-1.010119663,-0.176633125,-1.186752788,CIN,321,12,100,288.9,225,442,36.2,244,-77,0,0,0,0,0,0,0,0
KyleJuszczyk,RB,4,20.29613686,2.3,2.82,2.82,305.8,-0.485947887,-0.705992491,-1.191940378,SF,417,14,127,305.8,254,452,74.2,355,-62,0,0,1.9,20.3,0.1,0.5,1.9,0
RyanSwitzer,WR,7,20.21268681,2.1,2.31,2.31,295.6,-0.58074491,-0.618622498,-1.199367408,PIT,390,14,126,295.6,194,419,66.3,403,13,0,0,2.3,15.8,0.1,0.4,1.3,0
DamionWillis,WR,9,20.14268785,0,0,0,246.2,-1.010119663,-0.195477633,-1.205597296,CIN,399,14,131,246.2,198,272,20.6,,,0,0,0,0,0,0,0,0
KelvinHarmon,WR,10,20.06569269,0,0,0,247,-1.010119663,-0.202330182,-1.212449845,WAS,386,14,125,298,204,405,55.5,247,-139,0,0,0,0,0,0,0,0
TylerHigbee,TE,9,20.04840209,2.6,2.43,2.6,303.6,-0.526840721,-0.687147982,-1.213988703,LAR,388,14,50,303.6,243,388,47.6,,,0,0,1.5,18.3,0.1,0,0,0
HunterRenfrow,WR,6,20.01757071,0,0,0,247.5,-1.010119663,-0.206613025,-1.216732688,OAK,304,12,106,247.5,151,325,39.8,380,76,0,0,0,0,0,0,0,0
TyJohnson,RB,5,19.95019994,0,0,0,248.2,-1.010119663,-0.212609004,-1.222728667,DET,339,13,104,248.2,174,423,61.4,386,47,0,0,0,0,0,0,0,0
DwayneHaskins,QB,10,19.87320477,0,0,0,249,-1.010119663,-0.219461553,-1.229581216,WAS,249,11,32,250.8,139,476,38.9,280,31,0,0,0,0,0,0,0,0
TaysomHill,QB,9,19.85234533,1.9,1.99,1.99,292.4,-0.640225396,-0.591212305,-1.231437701,NO,327,12,37,292.4,235,464,45.6,,,4,0,0,0,0,2.3,12.3,0.1
MoAlieCox,TE,6,19.70577617,2.8,2.68,2.8,311.5,-0.489665417,-0.754816898,-1.244482315,IND,442,14,59,311.5,278,371,35.4,,,0,0,0.8,14.8,0.2,0,0,0
RodSmith,RB,11,19.69123013,1.5,1.77,1.77,289.3,-0.681118229,-0.564658679,-1.245776908,NYG,319,12,99,289.3,226,418,29.9,,,0,0,0.6,3.8,0,2.8,7.9,0.1
OaklandOAK,DST,6,19.59220317,2.4,0,2.4,304,-0.564016024,-0.690574257,-1.254590281,OAK,415,14,31,304,245,353,43.4,,,0,0,0,0,0,0,0,0
TrentonCannon,RB,4,19.52261636,2,2.21,2.21,300.6,-0.599332562,-0.661450926,-1.260783488,NYJ,380,13,115,300.6,258,399,36.4,,,0,0,1.1,9,0,2.4,7.1,0.1
JeffHeuerman,TE,10,19.4858709,3.6,3.75,3.75,334.4,-0.313082727,-0.950971096,-1.264053823,DEN,434,14,58,334.4,218,368,30.6,,,0,0,2.8,25.5,0.2,0,0,0
DeAndreWashington,RB,6,19.46976599,1,1.24,1.24,280.1,-0.779632783,-0.485854373,-1.265487156,OAK,381,13,116,280.1,206,441,64.7,,,0,0,0.1,0.9,0,3,11.5,0
BruceAnderson,RB,7,19.42085817,0,0,0,253.7,-1.010119663,-0.259720275,-1.269839938,TB,313,12,95,253.7,130,354,42,296,-17,0,0,0,0,0,0,0,0
IsaiahMcKenzie,WR,6,19.36115309,4.3,4.87,4.87,360,-0.104901028,-1.170252646,-1.275153674,BUF,454,14,147,368.2,189,470,98,360,-94,0,0,2.3,22.4,0,1.3,8.3,0.3
JoshFerguson,RB,10,19.34386301,0,0,0,254.5,-1.010119663,-0.266572823,-1.276692486,HOU,389,14,118,254.5,159,442,93,,,0,0,0,0,0,0,0,0
JustinWatson,WR,7,18.86918832,0,0.04,0.04,260.3,-1.002684603,-0.316253799,-1.318938402,TB,350,13,119,260.3,193,372,37.9,,,0,0,0.1,0.4,0,0,0,0
ChesterRogers,WR,6,18.79532371,4,3.6,4,347,-0.266613598,-1.058898734,-1.325512332,IND,426,14,139,352.5,221,435,47.9,347,-79,0,0,3.3,30.3,0.1,0.1,-0.3,0
QadreeOllison,RB,9,18.76639927,0,0,0,260.5,-1.010119663,-0.317966936,-1.328086599,ATL,296,12,89,260.5,167,410,41.1,283,-13,0,0,0,0,0,0,0,0
RyanGrant,WR,6,18.76480144,2.8,2.99,2.99,325.4,-0.454348879,-0.873879927,-1.328228806,OAK,392,14,127,325.4,218,435,58.8,,,0,0,2.5,23.9,0.1,0,0,0
DemetriusHarris,TE,7,18.72889359,2.3,2.29,2.3,310.8,-0.582603676,-0.748820918,-1.331424594,CLE,407,14,53,310.8,266,349,29.8,382,-25,0,0,0.8,10.9,0.2,0,0,0
MarcusMurphy,RB,6,18.7247578,2.5,2.51,2.51,315.4,-0.543569607,-0.788223072,-1.331792679,BUF,384,13,117,315.4,246,461,72.3,,,0,0,1,2.4,0,4.7,22.7,0
SethRoberts,WR,8,18.61919855,4.1,3.92,4.1,351,-0.248025946,-1.093161476,-1.341187422,BAL,449,14,145,360.6,265,410,50.2,351,-98,0,0,3,32.9,0.1,0.2,0.3,0
JakeButt,TE,10,18.54613311,2.8,2.83,2.83,324.2,-0.484089122,-0.863601104,-1.347690226,DEN,387,14,49,324.2,239,394,38,,,0,0,2.7,28.3,0,0,0,0
DanielJones,QB,11,18.4584186,0,0,0,263.7,-1.010119663,-0.34537713,-1.355496793,NYG,267,11,35,263.7,174,368,31.8,385,118,0,0,0,0,0,0,0,0
RhettEllison,TE,11,18.44093475,2.5,2.54,2.54,319,-0.537993312,-0.819059539,-1.357052851,NYG,462,14,65,319,283,359,31.2,,,0,0,1.8,19.4,0.1,0,0,0
MikeBoone,RB,12,18.31598523,0.6,0.6,0.6,278.2,-0.898593754,-0.46957957,-1.368173324,MIN,351,13,107,278.2,160,428,58.6,,,0,0,0.3,0.1,0,1.4,5.9,0
DeonCain,WR,6,18.31405267,0,0,0,265.2,-1.010119663,-0.358225658,-1.368345321,IND,323,12,112,265.2,194,339,40.9,339,16,0,0,0,0,0,0,0,0
BennieFowler,WR,11,18.11389855,2.6,2.59,2.6,323.7,-0.526840721,-0.859318261,-1.386158982,NYG,465,14,153,323.7,277,378,41.6,,,0,0,1.6,19.9,0.1,0,0,0
JordanScarlett,RB,7,18.05419398,0,0,0,267.9,-1.010119663,-0.381353009,-1.391472672,CAR,335,13,103,267.9,166,460,68.7,,,0,0,0,0,0,0,0,0
MarkWalton,RB,5,18.01579943,0.5,0.53,0.53,279.8,-0.91160511,-0.483284667,-1.394889777,MIA,344,13,106,279.8,197,424,57.4,401,57,0,0,0.4,2.9,0,1,2.4,0
RileyRidley,WR,6,17.94832563,0,0,0,269,-1.010119663,-0.390775263,-1.400894926,CHI,443,14,144,351.2,239,416,48.9,269,-174,0,0,0,0,0,0,0,0
EmanuelHall,WR,7,17.85208167,0,0,0,270,-1.010119663,-0.399340949,-1.409460612,TB,471,15,156,331.3,269,420,64.4,270,-201,0,0,0,0,0,0,0,0
ChaseDaniel,QB,6,17.68720386,5.9,6.58,6.58,414.5,0.212947815,-1.637082507,-1.424134692,CHI,507,15,50,414.5,292,501,80.1,,,103,0.6,0,0,0,2.6,0.6,0
AdamShaheen,TE,6,17.45462104,2.1,2,2.1,319.7,-0.619778979,-0.825055519,-1.444834498,CHI,400,14,52,319.7,196,390,37.1,,,0,0,0.8,8,0.2,0,0,0
LaquonTreadwell,WR,12,17.43220273,2.4,2.61,2.61,331,-0.524981956,-0.921847766,-1.446829722,MIN,429,14,140,355.3,259,448,61.8,331,-98,0,0,2.3,20.1,0.1,0,0,0
EmmanuelButler,WR,9,17.32273991,0,0,0,275.5,-1.010119663,-0.446452219,-1.456571882,NO,395,14,130,275.5,228,338,42.3,,,0,0,0,0,0,0,0,0
ElijahHolyfield,RB,7,17.27461793,0,0,0,276,-1.010119663,-0.450735062,-1.460854725,CAR,398,14,120,283,176,444,82.3,276,-122,0,0,0,0,0,0,0,0
JasonCroom,TE,6,17.19389911,1.9,2.33,2.33,327.4,-0.57702738,-0.891011298,-1.468038678,BUF,428,14,56,327.4,276,458,66.9,,,0,0,1.5,17.3,0.1,0,0,0
CharlesClay,TE,12,16.89100771,1.3,1.42,1.42,310.8,-0.74617501,-0.748820918,-1.494995928,ARI,378,13,46,310.8,270,373,36.9,,,0,0,1.6,14.2,0,0,0,0
BryceLove,RB,10,16.79339815,0,0,0,281,-1.010119663,-0.49356349,-1.503683153,WAS,371,13,114,292.9,202,434,52.5,281,-90,0,0,0,0,0,0,0,0
CameronMeredith,WR,10,16.63656023,2.6,3.1,3.1,349.9,-0.433902462,-1.083739222,-1.517641684,NE,402,14,133,349.9,244,446,68.2,,,0,0,1.5,19,0.2,0,0,0
AndreEllington,RB,7,16.51429067,0,0,0,283.9,-1.010119663,-0.518403978,-1.528523641,TB,359,13,112,283.9,201,449,68.1,404,45,0,0,0,0,0,0,0,0
JordanMatthews,WR,4,16.41808516,3,2.74,3,350,-0.452490114,-1.084595791,-1.537085905,SF,461,14,152,361.8,351,374,8.9,350,-111,0,0,1.4,21.4,0.1,0,0,0
MylesGaskin,RB,5,16.31217836,0,0,0,286,-1.010119663,-0.536391917,-1.54651158,MIA,314,12,96,286,171,416,36.6,298,-16,0,0,0,0,0,0,0,0
AldrickRobinson,WR,7,16.20491825,3.8,4.05,4.05,375,-0.257319772,-1.298737929,-1.556057701,CAR,534,15,186,396,391,401,5,375,-159,0,0,1.2,16.5,0.4,0,0,0
JoshOliver,TE,10,16.17743682,0,0,0,287.4,-1.010119663,-0.548383877,-1.55850354,JAC,374,13,45,287.4,155,372,52.3,405,31,0,0,0,0,0,0,0,0
BuddyHowell,RB,10,15.98494891,0,0,0,289.4,-1.010119663,-0.565515248,-1.575634911,HOU,409,14,124,289.4,136,471,108.3,,,0,0,0,0,0,0,0,0
TeddyBridgewater,QB,9,15.92865057,1.4,1.844,1.844,330,-0.667363367,-0.91328208,-1.580645447,NO,411,14,40,330,246,480,79.3,,,23.6,0.2,0,0,0,2.2,1,0
AmeerAbdullah,RB,12,15.79179099,0.1,0.29,0.29,297.7,-0.956215474,-0.636610438,-1.592825912,MIN,362,13,113,297.7,253,436,42.5,,,0,0,0.3,2.8,0,0.1,0.1,0
JazzFerguson,WR,11,15.5614755,0,0,0,293.8,-1.010119663,-0.603204264,-1.613323927,SEA,410,14,135,293.8,238,440,74.5,,,0,0,0,0,0,0,0,0
DawsonKnox,TE,6,15.52297791,0,0,0,294.2,-1.010119663,-0.606630538,-1.616750201,BUF,379,13,47,294.2,192,371,49.5,389,10,0,0,0,0,0,0,0,0
TylerKroft,TE,6,15.51567259,0.7,0.72,0.72,309.9,-0.876288572,-0.741111801,-1.617400373,BUF,397,14,51,309.9,199,396,48.8,407,10,0,0,0.8,7.2,0,0,0,0
TajaeSharpe,WR,11,15.32667613,2.8,2.68,2.8,357,-0.489665417,-1.144555589,-1.634221006,TEN,499,15,170,401.3,282,489,78.8,357,-142,0,0,1.6,19.8,0.1,0.1,1,0
MattGay,K,7,15.21499725,0,0,0,297.4,-1.010119663,-0.634040732,-1.644160395,TB,412,14,30,297.4,192,461,93.9,327,-85,0,0,0,0,0,0,0,0
DrewLock,QB,10,15.14762648,0,0,0,298.1,-1.010119663,-0.640036712,-1.650156375,DEN,346,13,38,298.1,229,426,48.5,359,13,0,0,0,0,0,0,0,0
TorreySmith,WR,7,15.10916734,3,2.93,3,363.6,-0.452490114,-1.201089114,-1.653579228,CAR,451,14,146,363.6,296,415,42.5,,,0,0,1.5,17.3,0.2,0,0,0
JDMcKissic,RB,11,15.04561045,0.2,0.16,0.2,303.5,-0.97294436,-0.686291414,-1.659235774,SEA,404,14,122,303.5,232,443,62.5,,,0,0,0,0,0,0.6,1.6,0
RussellShepard,WR,11,15.00416224,2.6,2.77,2.77,359.7,-0.495241713,-1.16768294,-1.662924653,NYG,493,15,165,359.7,298,407,45.6,,,0,0,0.8,15.7,0.2,0,0,0
BriceButler,WR,5,14.75785767,1.5,1.35,1.5,334.7,-0.731304889,-0.953540802,-1.684845691,MIA,473,15,158,334.7,240,396,67.9,,,0,0,0.8,7.5,0.1,0,0,0
DevineOzigbo,RB,9,14.74340186,0,0,0,302.3,-1.010119663,-0.676012591,-1.686132254,NO,403,14,121,302.3,237,456,72.6,,,0,0,0,0,0,0,0,0
JaceSternberger,TE,11,14.64715791,0,0,0,303.3,-1.010119663,-0.684578277,-1.69469794,GB,373,13,44,303.3,207,372,38.6,,,0,0,0,0,0,0,0,0
TravisHomer,RB,11,14.57978714,0,0,0,304,-1.010119663,-0.690574257,-1.70069392,SEA,405,14,123,304,209,434,68.2,,,0,0,0,0,0,0,0,0
LukeStocker,TE,9,14.55671165,1.8,1.63,1.8,343.3,-0.675541934,-1.027205698,-1.702747632,ATL,478,15,72,343.3,235,411,77.4,,,0,0,0.9,10.3,0.1,0.1,0,0
GregDortch,WR,4,14.45466999,0,0,0,305.3,-1.010119663,-0.701709648,-1.711829311,NYJ,437,14,142,305.3,241,450,84.3,,,0,0,0,0,0,0,0,0
KaareVedvik,K,12,14.40654801,0,0,0,305.8,-1.010119663,-0.705992491,-1.716112154,MIN,438,14,36,305.8,197,478,104.6,,,0,0,0,0,0,0,0,0
MarcellAteman,WR,6,14.22083691,3.1,2.8,3.1,375,-0.433902462,-1.298737929,-1.732640391,OAK,455,14,148,375,302,413,40.3,400,-55,0,0,2.1,22,0.1,0,0,0
JordanAkins,TE,10,14.0597991,1.4,1.41,1.41,340,-0.748033775,-0.998938935,-1.74697271,HOU,418,14,55,340,242,454,73.7,,,0,0,1.1,14.1,0,0,0,0
AllenHurns,WR,5,13.5326862,2.6,2.44,2.6,371.3,-0.526840721,-1.267044892,-1.793885613,MIA,440,14,143,371.3,247,430,37.1,,,0,0,1.3,18.4,0.1,0,0,0
ZachPascal,WR,6,13.16022081,2.5,2.34,2.5,373,-0.545428372,-1.281606558,-1.82703493,IND,515,15,179,399,325,503,75.7,373,-142,0,0,1.7,16.8,0.1,0.1,0.6,0
DeAndreCarter,WR,10,13.05944172,1.4,1.59,1.59,354.3,-0.714576002,-1.121428238,-1.83600424,HOU,486,15,163,354.3,288,398,47.7,,,0,0,1.6,15.4,0,0.1,0.5,0
EdDickson,TE,11,13.02491231,3.3,3.32,3.32,392.2,-0.393009629,-1.44606772,-1.839077349,SEA,466,14,68,392.2,287,481,62.9,,,0,0,1.2,14.3,0.3,0.1,0.9,0
JamesDevelin,RB,10,12.88505587,1.9,2.23,2.23,370,-0.595615032,-1.255909501,-1.851524533,NE,516,15,142,406,297,516,89.4,370,-146,0,0,0.8,3.8,0,0.4,0.5,0.3
LeeSmith,TE,6,12.80141257,1.6,1.66,1.66,358.5,-0.701564646,-1.157404118,-1.858968764,BUF,520,15,77,358.5,273,444,85.5,,,0,0,0.6,4.6,0.2,0,0,0
NickOLeary,TE,5,12.62066206,1.2,1.32,1.32,353,-0.764762662,-1.110292847,-1.875055509,MIA,484,15,73,353,332,385,23,,,0,0,0.7,7.2,0.1,0,0,0
EddyPineiro,K,6,12.55866404,0,0,0,325,-1.010119663,-0.870453653,-1.880573316,CHI,432,14,34,332.6,245,459,72.9,325,-107,0,0,0,0,0,0,0,0
AlexErickson,WR,9,12.49188585,1.1,1.18,1.18,351.3,-0.790785374,-1.095731182,-1.886516556,CIN,425,14,138,351.3,271,379,28.2,,,0,0,1.3,10.4,0,0.2,1.4,0
DariusSlayton,WR,11,12.4142981,0,0,0,326.5,-1.010119663,-0.883302181,-1.893421844,NYG,393,14,128,326.5,260,437,51.7,,,0,0,0,0,0,0,0,0
JamesOShaughnessy,TE,10,12.0968089,1.5,1.53,1.53,363,-0.725728593,-1.195949702,-1.921678295,JAC,463,14,66,363,323,397,33.8,,,0,0,1.7,15.3,0,0,0,0
DeontayBurnett,WR,4,12.02262236,2.9,2.86,2.9,393.5,-0.471077766,-1.457203111,-1.928280877,NYJ,494,15,166,393.5,294,476,65.1,,,0,0,2,28.6,0,0,0,0
GaryJennings,WR,11,11.94270271,0,0,0,331.4,-1.010119663,-0.92527404,-1.935393703,SEA,406,14,134,331.4,269,439,57,396,-10,0,0,0,0,0,0,0,0
AlexBarnes,RB,11,11.90420513,0,0,0,331.8,-1.010119663,-0.928700314,-1.938819977,TEN,413,14,125,331.8,205,459,85.2,,,0,0,0,0,0,0,0,0
AndreRoberts,WR,6,11.86322084,0.9,1.22,1.22,358.7,-0.783350313,-1.159117255,-1.942467568,BUF,491,15,164,358.7,303,415,45.7,,,0,0,0.6,4.9,0.1,0.1,1.3,0
JoshHill,TE,9,11.80721377,1.5,1.76,1.76,371,-0.682976995,-1.264475187,-1.947452182,NO,470,15,70,371,341,403,22,,,0,0,1,11.6,0.1,0,0,0
KahaleWarring,TE,10,11.69246842,0,0,0,334,-1.010119663,-0.947544822,-1.957664485,HOU,433,14,57,334,231,394,37,,,0,0,0,0,0,0,0,0
FosterMoreau,TE,6,11.47110732,0,0,0,336.3,-1.010119663,-0.967245899,-1.977365562,OAK,416,14,54,336.3,273,408,47.5,,,0,0,0,0,0,0,0,0
BlakeBell,TE,12,11.38353429,0.7,0.67,0.7,352.4,-0.880006102,-1.105153436,-1.985159538,KC,444,14,60,352.4,290,465,62.9,,,0,0,0.8,6.7,0,0,0,0
StanleyMorganJr,WR,9,11.3074926,0,0,0,338,-1.010119663,-0.981807564,-1.991927227,CIN,511,15,175,338,290,386,48,,,0,0,0,0,0,0,0,0
MaxxWilliams,TE,12,11.2874964,1.6,1.76,1.76,376.4,-0.682976995,-1.310729888,-1.993706883,ARI,457,14,64,376.4,306,477,63.1,,,0,0,1.2,11,0.1,0.2,0.6,0
RyanFinley,QB,9,11.27861941,0,0,0,338.3,-1.010119663,-0.98437727,-1.994496933,CIN,474,15,45,338.3,251,480,101.1,,,0,0,0,0,0,0,0,0
JJNelson,WR,6,11.26418922,0.5,0.46,0.5,349.3,-0.917181405,-1.078599811,-1.995781216,OAK,458,14,149,349.3,299,381,30.5,,,0,0,0.5,4.6,0,0.3,0,0
JustinHardy,WR,9,11.23244281,1.6,1.43,1.6,373.5,-0.712717237,-1.2858894,-1.998606637,ATL,472,15,157,373.5,274,475,71.6,,,0,0,0.9,8.3,0.1,0,0,0
ChadWilliams,WR,12,11.12273495,2.4,2.4,2.4,392,-0.564016024,-1.444354583,-2.008370607,ARI,536,15,187,437,363,509,59.6,392,-144,0,0,1.7,17.1,0.1,0.1,0.9,0
SamajePerine,RB,10,11.09172313,0.7,0.74,0.74,356.3,-0.872571041,-1.138559609,-2.01113065,WAS,488,15,136,356.3,257,496,101.7,,,0,0,0.6,1,0,1.6,6.4,0
WillGrier,QB,7,10.99951193,0,0,0,341.2,-1.010119663,-1.009217758,-2.019337421,CAR,419,14,41,341.2,248,455,80.5,,,0,0,0,0,0,0,0,0
JacobHollister,TE,11,10.97930967,0.7,0.65,0.7,356.6,-0.880006102,-1.141129315,-2.021135417,SEA,447,14,62,356.6,267,467,78.3,,,0,0,0.5,6.5,0,0,0,0
BrettHundley,QB,12,10.71078006,0,0,0,344.2,-1.010119663,-1.034914815,-2.045034478,ARI,439,14,43,344.2,248,462,86.9,,,0,0,0,0,0,0,0,0
EliRogers,WR,7,10.62805126,3.2,2.5,3.2,414.5,-0.415314811,-1.637082507,-2.052397318,PIT,506,15,172,414.5,314,502,70.1,,,0,0,4,26.3,0,0.3,-1.3,0
DanArnold,TE,9,10.51543174,2.1,2.1,2.1,391.8,-0.619778979,-1.442641445,-2.062420424,NO,490,15,75,391.8,356,410,21.8,,,0,0,1.2,15,0.1,0,0,0
GehrigDieter,WR,12,10.44322954,0.6,0.55,0.6,360,-0.898593754,-1.170252646,-2.0688464,KC,521,15,181,360,320,400,40,,,0,0,0.3,5.5,0,0,0,0
LukeWillson,TE,6,10.35025814,0.6,0.62,0.62,361.4,-0.894876223,-1.182244606,-2.077120829,OAK,450,14,63,361.4,285,392,21.3,,,0,0,0.9,6.2,0,0,0,0
DwayneAllen,TE,5,10.28317085,0.2,0.21,0.21,353.2,-0.971085595,-1.112005984,-2.083091579,MIA,445,14,61,353.2,226,464,79.7,,,0,0,0.2,2.1,0,0,0,0
BrandonPowell,WR,5,10.26558396,2.2,2.22,2.22,397,-0.597473797,-1.48718301,-2.084656807,DET,514,15,178,397,281,498,89.2,,,0,0,1.8,21.5,0,0.2,0.7,0
JoshMalone,WR,9,10.10646592,0.1,0.13,0.13,353.3,-0.985955716,-1.112862553,-2.098818269,CIN,459,14,150,353.3,270,474,86.3,,,0,0,0.1,1.3,0,0,0,0
NickBoyle,TE,8,10.06220907,1.3,1.33,1.33,379.8,-0.762903897,-1.339853219,-2.102757116,BAL,476,15,71,379.8,239,485,88.8,,,0,0,1.4,13.3,0,0,0,0
BoboWilson,WR,7,9.966635115,1,1.04,1.04,374.5,-0.816808086,-1.294455086,-2.111263172,TB,525,15,184,374.5,333,416,41.5,,,0,0,0.8,10.4,0,0,0,0
TravisFulgham,WR,5,9.863833242,0,0,0,353,-1.010119663,-1.110292847,-2.12041251,DET,517,15,180,353,312,394,41,,,0,0,0,0,0,0,0,0
TaylorBertolet,K,4,9.863833242,0,0,0,353,-1.010119663,-1.110292847,-2.12041251,NYJ,518,15,38,353,337,369,16,,,0,0,0,0,0,0,0,0
DariusJackson,RB,8,9.563557216,0.4,0.4,0.4,364.8,-0.935769057,-1.211367936,-2.147136993,DAL,453,14,131,364.8,263,484,95.8,,,0,0,0,0,0,1.5,4,0
AnthonySherman,RB,12,9.407363651,1,1.21,1.21,384,-0.785209079,-1.375829098,-2.161038177,KC,530,15,146,384,327,441,57,,,0,0,0.5,6,0.1,0.1,0.1,0
VirgilGreen,TE,12,9.377537001,1.7,1.91,1.91,399.5,-0.655095517,-1.508597224,-2.163692741,LAC,498,15,76,399.5,342,490,57.4,,,0,0,1.2,13.1,0.1,0,0,0
DwayneWashington,RB,9,9.319107816,1.2,1.18,1.2,384.7,-0.787067844,-1.381825078,-2.168892922,NO,504,15,139,384.7,289,472,74.9,,,0,0,0,0,0,2.1,11.8,0
KeelanDoss,WR,6,9.026510815,0,0,0,361.7,-1.010119663,-1.184814311,-2.194933974,OAK,495,15,167,361.7,296,400,46.6,,,0,0,0,0,0,0,0,0
TrevonWesco,TE,4,8.708905757,0,0,0,365,-1.010119663,-1.213081073,-2.223200736,NYJ,464,14,67,365,287,479,70.2,,,0,0,0,0,0,0,0,0
CJProsise,RB,11,8.45675171,0.4,0.38,0.4,376.3,-0.935769057,-1.30987332,-2.245642377,SEA,501,15,138,376.3,262,486,91.5,393,-108,0,0,0.6,4.4,0,0.2,-0.6,0
BraxtonBerrios,WR,10,8.449047073,0,0,0,367.7,-1.010119663,-1.236208424,-2.246328087,NE,497,15,169,367.7,334,399,26.6,,,0,0,0,0,0,0,0,0
JoshBellamy,WR,4,8.281695868,1.2,1.33,1.33,398.3,-0.762903897,-1.498318401,-2.261222298,NYJ,496,15,168,398.3,307,483,62.3,,,0,0,0.9,7.3,0.1,0,0,0
MattSchaub,QB,9,8.161820038,0,0.268,0.268,376.5,-0.960304757,-1.311586457,-2.271891214,ATL,526,15,51,376.5,270,483,106.5,,,6.7,0,0,0,0,0.3,0,0
ScottMiller,WR,7,8.131442015,0,0,0,371,-1.010119663,-1.264475187,-2.27459485,TB,469,15,155,371,276,449,64.5,,,0,0,0,0,0,0,0,0
TaquanMizzell,RB,6,8.120876956,1.7,1.65,1.7,408,-0.694129586,-1.581405551,-2.275535137,CHI,539,15,148,408,383,433,25,,,0,0,0.9,8.7,0.1,1,1.8,0
NoahBrown,WR,8,7.986122606,0.7,0.68,0.7,387.7,-0.880006102,-1.407522135,-2.287528237,DAL,509,15,174,387.7,284,491,84.5,,,0,0,0.6,6.8,0,0,0,0
CJHam,RB,12,7.982656801,0.6,0.62,0.62,386,-0.894876223,-1.392960469,-2.287836692,MIN,482,15,134,386,291,500,83.9,,,0,0,0.7,5.7,0,0.4,0.5,0
DavidFluellen,RB,11,7.889968866,0.2,0.23,0.23,378.5,-0.967368065,-1.328717828,-2.296085893,TEN,527,15,145,378.5,328,429,50.5,,,0,0,0,0,0,0.6,2.3,0
AustinCarr,WR,9,7.305689366,1.6,1.29,1.6,414.3,-0.712717237,-1.63536937,-2.348086607,NO,523,15,183,414.3,353,505,65.4,,,0,0,0.6,6.9,0.1,0,0,0
AndyJanovich,RB,10,7.300007506,1.1,1.33,1.33,408.5,-0.762903897,-1.585688394,-2.348592291,DEN,540,16,149,408.5,379,438,29.5,,,0,0,0.5,7,0.1,0.1,0.3,0
XavierGrimble,TE,7,7.257361308,0.4,0.54,0.54,391.8,-0.909746345,-1.442641445,-2.35238779,PIT,489,15,74,391.8,284,488,72.7,,,0,0,0.4,5.4,0,0,0,0
KenjonBarner,RB,9,7.004820758,0.8,0.82,0.82,400.5,-0.85770092,-1.517162909,-2.374863829,ATL,535,15,147,400.5,326,475,74.5,,,0,0,0.1,0.3,0,2.1,7.9,0
RobertGriffin,QB,8,6.996729596,0.3,0.28,0.3,389.3,-0.954356709,-1.421227232,-2.375583941,BAL,487,15,47,389.3,282,487,77.4,,,7,0,0,0,0,0,0,0
ElijhaaPenny,RB,11,6.978253833,0.5,0.54,0.54,394.7,-0.909746345,-1.467481933,-2.377228278,NYG,510,15,141,394.7,279,511,94.7,,,0,0,0.6,3.6,0,0.5,1.8,0
ByronPringle,WR,12,6.832148595,0,0,0,384.5,-1.010119663,-1.380111941,-2.390231604,KC,481,15,161,384.5,308,453,57.9,,,0,0,0,0,0,0,0,0
DamionRatley,WR,7,6.792414064,1.1,1.11,1.11,409,-0.80379673,-1.589971236,-2.393767966,CLE,522,15,182,409,309,504,79.7,,,0,0,1,11.1,0,0,0,0
DarrenFells,TE,10,6.743725125,1.9,1.93,1.93,427.3,-0.651377987,-1.746723281,-2.398101268,HOU,531,15,80,427.3,326,514,77.4,,,0,0,0.7,7.3,0.2,0,0,0
PaulPerkins,RB,11,6.707031451,0,0,0,385.8,-1.010119663,-1.391247332,-2.401366995,NYG,483,15,135,385.8,266,494,92.1,,,0,0,0,0,0,0,0,0
ZachLine,RB,9,6.579041085,1.1,0.95,1.1,411,-0.805655495,-1.607102607,-2.412758102,NO,519,15,143,411,286,520,96.2,,,0,0,0.3,0.9,0.1,0.6,2.6,0
LilJordanHumphrey,WR,9,6.447172767,0,0,0,388.5,-1.010119663,-1.414374683,-2.424494346,NO,532,15,185,388.5,280,497,108.5,,,0,0,0,0,0,0,0,0
DErnestJohnson,RB,7,6.331680019,0,0,0,389.7,-1.010119663,-1.424653506,-2.434773169,CLE,505,15,140,389.7,214,507,126.5,,,0,0,0,0,0,0,0,0
JuwannWinfree,WR,10,6.273933645,0,0,0,390.3,-1.010119663,-1.429792917,-2.43991258,DEN,512,15,176,390.3,357,448,40.9,,,0,0,0,0,0,0,0,0
MasonRudolph,QB,7,6.206562875,0,0,0,391,-1.010119663,-1.435788897,-2.44590856,PIT,545,16,52,427,363,491,64,391,-154,0,0,0,0,0,0,0,0
GarrettCelek,TE,4,5.983294837,1.4,1.2,1.4,423.7,-0.74989254,-1.715886814,-2.465779354,SF,529,15,79,423.7,358,513,65.5,,,0,0,0.3,6,0.1,0,0,0
MackHollins,WR,10,5.205625722,0,0,0,401.4,-1.010119663,-1.524872026,-2.534991689,PHI,475,15,159,401.4,287,462,62.4,,,0,0,0,0,0,0,0,0
CodyCore,WR,9,5.124610603,1.7,1.74,1.74,440,-0.686694525,-1.855507488,-2.542202013,CIN,537,15,188,440,345,517,71.4,,,0,0,0.9,11.4,0.1,0,0,0
DetrezNewsome,RB,12,5.086293466,0.8,0.75,0.8,420,-0.86141845,-1.684193777,-2.545612227,LAC,524,15,144,420,296,521,93.3,,,0,0,0.2,2.1,0,1.2,5.4,0
RichieJames,WR,4,4.995834397,1.3,1.6,1.6,438.3,-0.712717237,-1.840945822,-2.553663059,SF,538,15,189,438.3,403,508,49.3,,,0,0,0.7,10,0.1,0,0,0
RussellGage,WR,9,4.793129494,0.4,0.42,0.42,414.8,-0.932051527,-1.639652212,-2.571703739,ATL,508,15,173,414.8,305,499,72.8,,,0,0,0.4,4.2,0,0,0,0
PatrickDiMarco,RB,6,4.740291952,0.4,0.45,0.45,416,-0.926475231,-1.649931035,-2.576406266,BUF,541,16,150,416,387,445,29,,,0,0,0.2,3.9,0,0.1,0.6,0
JMonMoore,WR,11,4.687931141,0,0.13,0.13,409.6,-0.985955716,-1.595110648,-2.581066364,GB,485,15,162,409.6,293,473,49,,,0,0,0.2,1.3,0,0,0,0
DylanCantrell,WR,12,4.618537584,0,0,0,407.5,-1.010119663,-1.577122708,-2.587242371,LAC,502,15,171,407.5,335,492,56.3,,,0,0,0,0,0,0,0,0
AJMcCarron,QB,10,4.606027144,0.1,0.06,0.1,409.8,-0.991532012,-1.596823785,-2.588355797,HOU,503,15,49,409.8,292,495,83.2,,,4,0,0,0,0,1.5,-1,0
AnthonyFirkser,TE,11,4.552738492,2.4,2.48,2.48,462,-0.549145903,-2.043952569,-2.593098472,TEN,548,16,83,462,423,522,43.1,,,0,0,1.6,18.8,0.1,0,0,0
EricSaubert,TE,10,3.820679014,0.3,0.3,0.3,422.3,-0.954356709,-1.703894854,-2.658251563,NE,528,15,78,422.3,338,510,70.3,,,0,0,0.3,3,0,0,0,0
JamizeOlawale,RB,8,3.624338782,0.1,0.08,0.1,420,-0.991532012,-1.684193777,-2.675725789,DAL,544,16,152,420,385,455,35,,,0,0,0.1,0.8,0,0,0,0
LoganPaulsen,TE,9,3.055262487,1,1.21,1.21,450,-0.785209079,-1.941164343,-2.726373422,ATL,543,16,82,450,397,515,48.9,,,0,0,0.6,6.1,0.1,0,0,0
JoshuaPerkins,TE,10,3.036103924,0.7,0.74,0.74,440,-0.872571041,-1.855507488,-2.728078529,PHI,550,16,85,440,421,459,19,,,0,0,0.6,7.4,0,0,0,0
DerekWatt,RB,12,2.517533276,0.1,0.08,0.1,431.5,-0.991532012,-1.782699161,-2.774231173,LAC,547,16,153,431.5,377,486,54.5,,,0,0,0.1,0.1,0,0.3,0.7,0
StephenAnderson,TE,10,2.481921738,0,0,0,429.7,-1.010119663,-1.767280927,-2.77740059,NE,533,15,81,429.7,356,512,64,,,0,0,0,0,0,0,0,0
QuintonFlowers,QB,9,2.404926572,0,0,0,430.5,-1.010119663,-1.774133475,-2.784253138,CIN,546,16,53,430.5,373,488,57.5,,,0,0,0,0,0,0,0,0
TJLogan,RB,12,1.748547905,0.4,0.39,0.4,446,-0.935769057,-1.906901601,-2.842670658,ARI,542,16,151,446,375,506,54,,,0,0,0.7,3.7,0,0.2,0.2,0
JeremySprinkle,TE,10,0.880625801,0.6,0.86,0.86,465,-0.850265859,-2.069649626,-2.919915485,WAS,549,16,84,465,422,524,43.2,,,0,0,0.3,2.6,0.1,0,0,0
DauriceFountain,WR,6,0.287559518,0,0,0,452.5,-1.010119663,-1.962578557,-2.97269822,IND,551,16,190,452.5,386,519,66.5,,,0,0,0,0,0,0,0,0
JordanLeggett,TE,7,0,1.2,1.36,1.36,485,-0.757327601,-2.240963336,-2.998290937,TB,552,16,86,485,447,523,38,,,0,0,0.9,7.6,0.1,0,0,0
